{
"type": "FeatureCollection",
"name": "F1000_frames_part",
"crs": { "type": "name", "properties": { "name": "urn:ogc:def:crs:OGC:1.3:CRS84" } },
"features": [
{ "type": "Feature", "properties": { "Id": 0, "ExtX": 229200, "ExtY": 2710500, "FRAME7": "2864517", "圖號": "22864517" }, "geometry": { "type": "Polygon", "coordinates": [ [ [ 120.79871002784131, 24.498073482744367 ], [ 120.790816343929848, 24.498062753835093 ], [ 120.790807379837105, 24.503480108024473 ], [ 120.798701402008874, 24.50349083961202 ], [ 120.79871002784131, 24.498073482744367 ] ] ] } },
{ "type": "Feature", "properties": { "Id": 0, "ExtX": 230000, "ExtY": 2710500, "FRAME7": "2874517", "圖號": "22874517" }, "geometry": { "type": "Polygon", "coordinates": [ [ [ 120.806603716248006, 24.498083799011031 ], [ 120.79871002784131, 24.498073482744367 ], [ 120.798701402008874, 24.50349083961202 ], [ 120.806595428676729, 24.503501158453933 ], [ 120.806603716248006, 24.498083799011031 ] ] ] } },
{ "type": "Feature", "properties": { "Id": 0, "ExtX": 230800, "ExtY": 2710500, "FRAME7": "2884517", "圖號": "22884517" }, "geometry": { "type": "Polygon", "coordinates": [ [ [ 120.814497408973693, 24.498093702634172 ], [ 120.806603716248006, 24.498083799011031 ], [ 120.806595428676729, 24.503501158453933 ], [ 120.814489459664372, 24.503511064549315 ], [ 120.814497408973693, 24.498093702634172 ] ] ] } },
{ "type": "Feature", "properties": { "Id": 0, "ExtX": 231600, "ExtY": 2710500, "FRAME7": "2894517", "圖號": "22894517" }, "geometry": { "type": "Polygon", "coordinates": [ [ [ 120.822391105842073, 24.498103193612909 ], [ 120.814497408973693, 24.498093702634172 ], [ 120.814489459664372, 24.503511064549315 ], [ 120.822383494795503, 24.5035205578973 ], [ 120.822391105842073, 24.498103193612909 ] ] ] } },
{ "type": "Feature", "properties": { "Id": 0, "ExtX": 232400, "ExtY": 2710500, "FRAME7": "2904517", "圖號": "22904517" }, "geometry": { "type": "Polygon", "coordinates": [ [ [ 120.830284806676872, 24.498112271946408 ], [ 120.822391105842073, 24.498103193612909 ], [ 120.822383494795503, 24.5035205578973 ], [ 120.830277533893806, 24.503529638497028 ], [ 120.830284806676872, 24.498112271946408 ] ] ] } },
{ "type": "Feature", "properties": { "Id": 0, "ExtX": 233200, "ExtY": 2710500, "FRAME7": "2914517", "圖號": "22914517" }, "geometry": { "type": "Polygon", "coordinates": [ [ [ 120.838178511301834, 24.498120937633871 ], [ 120.830284806676872, 24.498112271946408 ], [ 120.830277533893806, 24.503529638497028 ], [ 120.838171576782969, 24.503538306347718 ], [ 120.838178511301834, 24.498120937633871 ] ] ] } },
{ "type": "Feature", "properties": { "Id": 0, "ExtX": 234000, "ExtY": 2710500, "FRAME7": "2924517", "圖號": "22924517" }, "geometry": { "type": "Polygon", "coordinates": [ [ [ 120.846072219540616, 24.498129190674526 ], [ 120.838178511301834, 24.498120937633871 ], [ 120.838171576782969, 24.503538306347718 ], [ 120.846065623286634, 24.503546561448587 ], [ 120.846072219540616, 24.498129190674526 ] ] ] } },
{ "type": "Feature", "properties": { "Id": 0, "ExtX": 234800, "ExtY": 2710500, "FRAME7": "2934517", "圖號": "22934517" }, "geometry": { "type": "Polygon", "coordinates": [ [ [ 120.85396593121699, 24.498137031067653 ], [ 120.846072219540616, 24.498129190674526 ], [ 120.846065623286634, 24.503546561448587 ], [ 120.853959673228559, 24.503554403798912 ], [ 120.85396593121699, 24.498137031067653 ] ] ] } },
{ "type": "Feature", "properties": { "Id": 0, "ExtX": 235600, "ExtY": 2710500, "FRAME7": "2944517", "圖號": "22944517" }, "geometry": { "type": "Polygon", "coordinates": [ [ [ 120.861859646154628, 24.498144458812551 ], [ 120.85396593121699, 24.498137031067653 ], [ 120.853959673228559, 24.503554403798912 ], [ 120.861853726432372, 24.503561833398003 ], [ 120.861859646154628, 24.498144458812551 ] ] ] } },
{ "type": "Feature", "properties": { "Id": 0, "ExtX": 236400, "ExtY": 2710500, "FRAME7": "2954517", "圖號": "22954517" }, "geometry": { "type": "Polygon", "coordinates": [ [ [ 120.869753364177299, 24.498151473908568 ], [ 120.861859646154628, 24.498144458812551 ], [ 120.861853726432372, 24.503561833398003 ], [ 120.86974778272176, 24.503568850245205 ], [ 120.869753364177299, 24.498151473908568 ] ] ] } },
{ "type": "Feature", "properties": { "Id": 0, "ExtX": 237200, "ExtY": 2710500, "FRAME7": "2964517", "圖號": "22964517" }, "geometry": { "type": "Polygon", "coordinates": [ [ [ 120.877647085108691, 24.498158076355082 ], [ 120.869753364177299, 24.498151473908568 ], [ 120.86974778272176, 24.503568850245205 ], [ 120.877641841920436, 24.503575454339899 ], [ 120.877647085108691, 24.498158076355082 ] ] ] } },
{ "type": "Feature", "properties": { "Id": 0, "ExtX": 238000, "ExtY": 2710500, "FRAME7": "2974517", "圖號": "22974517" }, "geometry": { "type": "Polygon", "coordinates": [ [ [ 120.885540808772504, 24.498164266151523 ], [ 120.877647085108691, 24.498158076355082 ], [ 120.877641841920436, 24.503575454339899 ], [ 120.885535903852031, 24.503581645681496 ], [ 120.885540808772504, 24.498164266151523 ] ] ] } },
{ "type": "Feature", "properties": { "Id": 0, "ExtX": 229200, "ExtY": 2711100, "FRAME7": "2864518", "圖號": "22864518" }, "geometry": { "type": "Polygon", "coordinates": [ [ [ 120.798701402008874, 24.50349083961202 ], [ 120.790807379837105, 24.503480108024473 ], [ 120.790798413116136, 24.5088974583241 ], [ 120.798692773647375, 24.508908192590123 ], [ 120.798701402008874, 24.50349083961202 ] ] ] } },
{ "type": "Feature", "properties": { "Id": 0, "ExtX": 230000, "ExtY": 2711100, "FRAME7": "2874518", "圖號": "22874518" }, "geometry": { "type": "Polygon", "coordinates": [ [ [ 120.806595428676729, 24.503501158453933 ], [ 120.798701402008874, 24.50349083961202 ], [ 120.798692773647375, 24.508908192590123 ], [ 120.806587138675582, 24.508918514007512 ], [ 120.806595428676729, 24.503501158453933 ] ] ] } },
{ "type": "Feature", "properties": { "Id": 0, "ExtX": 230800, "ExtY": 2711100, "FRAME7": "2884518", "圖號": "22884518" }, "geometry": { "type": "Polygon", "coordinates": [ [ [ 120.814489459664372, 24.503511064549315 ], [ 120.806595428676729, 24.503501158453933 ], [ 120.806587138675582, 24.508918514007512 ], [ 120.814481508024357, 24.508928422575352 ], [ 120.814489459664372, 24.503511064549315 ] ] ] } },
{ "type": "Feature", "properties": { "Id": 0, "ExtX": 231600, "ExtY": 2711100, "FRAME7": "2894518", "圖號": "22894518" }, "geometry": { "type": "Polygon", "coordinates": [ [ [ 120.822383494795503, 24.5035205578973 ], [ 120.814489459664372, 24.503511064549315 ], [ 120.814481508024357, 24.508928422575352 ], [ 120.822375881517416, 24.508937918292766 ], [ 120.822383494795503, 24.5035205578973 ] ] ] } },
{ "type": "Feature", "properties": { "Id": 0, "ExtX": 232400, "ExtY": 2711100, "FRAME7": "2904518", "圖號": "22904518" }, "geometry": { "type": "Polygon", "coordinates": [ [ [ 120.830277533893806, 24.503529638497028 ], [ 120.822383494795503, 24.5035205578973 ], [ 120.822375881517416, 24.508937918292766 ], [ 120.830270258978388, 24.508947001158912 ], [ 120.830277533893806, 24.503529638497028 ] ] ] } },
{ "type": "Feature", "properties": { "Id": 0, "ExtX": 233200, "ExtY": 2711100, "FRAME7": "2914518", "圖號": "22914518" }, "geometry": { "type": "Polygon", "coordinates": [ [ [ 120.838171576782969, 24.503538306347718 ], [ 120.830277533893806, 24.503529638497028 ], [ 120.830270258978388, 24.508947001158912 ], [ 120.838164640230929, 24.508955671173005 ], [ 120.838171576782969, 24.503538306347718 ] ] ] } },
{ "type": "Feature", "properties": { "Id": 0, "ExtX": 234000, "ExtY": 2711100, "FRAME7": "2924518", "圖號": "22924518" }, "geometry": { "type": "Polygon", "coordinates": [ [ [ 120.846065623286634, 24.503546561448587 ], [ 120.838171576782969, 24.503538306347718 ], [ 120.838164640230929, 24.508955671173005 ], [ 120.846059025098683, 24.508963928334254 ], [ 120.846065623286634, 24.503546561448587 ] ] ] } },
{ "type": "Feature", "properties": { "Id": 0, "ExtX": 234800, "ExtY": 2711100, "FRAME7": "2934518", "圖號": "22934518" }, "geometry": { "type": "Polygon", "coordinates": [ [ [ 120.853959673228559, 24.503554403798912 ], [ 120.846065623286634, 24.503546561448587 ], [ 120.846059025098683, 24.508963928334254 ], [ 120.853953413405307, 24.508971772641949 ], [ 120.853959673228559, 24.503554403798912 ] ] ] } },
{ "type": "Feature", "properties": { "Id": 0, "ExtX": 235600, "ExtY": 2711100, "FRAME7": "2944518", "圖號": "22944518" }, "geometry": { "type": "Polygon", "coordinates": [ [ [ 120.861853726432372, 24.503561833398003 ], [ 120.853959673228559, 24.503554403798912 ], [ 120.853953413405307, 24.508971772641949 ], [ 120.861847804974431, 24.50897920409539 ], [ 120.861853726432372, 24.503561833398003 ] ] ] } },
{ "type": "Feature", "properties": { "Id": 0, "ExtX": 236400, "ExtY": 2711100, "FRAME7": "2954518", "圖號": "22954518" }, "geometry": { "type": "Polygon", "coordinates": [ [ [ 120.86974778272176, 24.503568850245205 ], [ 120.861853726432372, 24.503561833398003 ], [ 120.861847804974431, 24.50897920409539 ], [ 120.869742199629769, 24.508986222693924 ], [ 120.86974778272176, 24.503568850245205 ] ] ] } },
{ "type": "Feature", "properties": { "Id": 0, "ExtX": 237200, "ExtY": 2711100, "FRAME7": "2964518", "圖號": "22964518" }, "geometry": { "type": "Polygon", "coordinates": [ [ [ 120.877641841920436, 24.503575454339899 ], [ 120.86974778272176, 24.503568850245205 ], [ 120.869742199629769, 24.508986222693924 ], [ 120.877636597194893, 24.508992828436931 ], [ 120.877641841920436, 24.503575454339899 ] ] ] } },
{ "type": "Feature", "properties": { "Id": 0, "ExtX": 238000, "ExtY": 2711100, "FRAME7": "2974518", "圖號": "22974518" }, "geometry": { "type": "Polygon", "coordinates": [ [ [ 120.885535903852031, 24.503581645681496 ], [ 120.877641841920436, 24.503575454339899 ], [ 120.877636597194893, 24.508992828436931 ], [ 120.885530997493476, 24.50899902132382 ], [ 120.885535903852031, 24.503581645681496 ] ] ] } },
{ "type": "Feature", "properties": { "Id": 0, "ExtX": 229200, "ExtY": 2711700, "FRAME7": "2864519", "圖號": "22864519" }, "geometry": { "type": "Polygon", "coordinates": [ [ [ 120.798692773647375, 24.508908192590123 ], [ 120.790798413116136, 24.5088974583241 ], [ 120.790789443766442, 24.514314804733321 ], [ 120.798684142756358, 24.514325541678055 ], [ 120.798692773647375, 24.508908192590123 ] ] ] } },
{ "type": "Feature", "properties": { "Id": 0, "ExtX": 230000, "ExtY": 2711700, "FRAME7": "2874519", "圖號": "22874519" }, "geometry": { "type": "Polygon", "coordinates": [ [ [ 120.806587138675582, 24.508918514007512 ], [ 120.798692773647375, 24.508908192590123 ], [ 120.798684142756358, 24.514325541678055 ], [ 120.806578846244051, 24.514335865671129 ], [ 120.806587138675582, 24.508918514007512 ] ] ] } },
{ "type": "Feature", "properties": { "Id": 0, "ExtX": 230800, "ExtY": 2711700, "FRAME7": "2884519", "圖號": "22884519" }, "geometry": { "type": "Polygon", "coordinates": [ [ [ 120.814481508024357, 24.508928422575352 ], [ 120.806587138675582, 24.508918514007512 ], [ 120.806578846244051, 24.514335865671129 ], [ 120.81447355405318, 24.514345776711625 ], [ 120.814481508024357, 24.508928422575352 ] ] ] } },
{ "type": "Feature", "properties": { "Id": 0, "ExtX": 231600, "ExtY": 2711700, "FRAME7": "2894519", "圖號": "22894519" }, "geometry": { "type": "Polygon", "coordinates": [ [ [ 120.822375881517416, 24.508937918292766 ], [ 120.814481508024357, 24.508928422575352 ], [ 120.81447355405318, 24.514345776711625 ], [ 120.822368266007359, 24.514355274798671 ], [ 120.822375881517416, 24.508937918292766 ] ] ] } },
{ "type": "Feature", "properties": { "Id": 0, "ExtX": 232400, "ExtY": 2711700, "FRAME7": "2904519", "圖號": "22904519" }, "geometry": { "type": "Polygon", "coordinates": [ [ [ 120.830270258978388, 24.508947001158912 ], [ 120.822375881517416, 24.508937918292766 ], [ 120.822368266007359, 24.514355274798671 ], [ 120.830262981930218, 24.514364359931431 ], [ 120.830270258978388, 24.508947001158912 ] ] ] } },
{ "type": "Feature", "properties": { "Id": 0, "ExtX": 233200, "ExtY": 2711700, "FRAME7": "2914519", "圖號": "22914519" }, "geometry": { "type": "Polygon", "coordinates": [ [ [ 120.838164640230929, 24.508955671173005 ], [ 120.830270258978388, 24.508947001158912 ], [ 120.830262981930218, 24.514364359931431 ], [ 120.838157701645329, 24.514373032109098 ], [ 120.838164640230929, 24.508955671173005 ] ] ] } },
{ "type": "Feature", "properties": { "Id": 0, "ExtX": 234000, "ExtY": 2711700, "FRAME7": "2924519", "圖號": "22924519" }, "geometry": { "type": "Polygon", "coordinates": [ [ [ 120.846059025098683, 24.508963928334254 ], [ 120.838164640230929, 24.508955671173005 ], [ 120.838157701645329, 24.514373032109098 ], [ 120.846052424976349, 24.51438129133091 ], [ 120.846059025098683, 24.508963928334254 ] ] ] } },
{ "type": "Feature", "properties": { "Id": 0, "ExtX": 234800, "ExtY": 2711700, "FRAME7": "2934519", "圖號": "22934519" }, "geometry": { "type": "Polygon", "coordinates": [ [ [ 120.853953413405307, 24.508971772641949 ], [ 120.846059025098683, 24.508963928334254 ], [ 120.846052424976349, 24.51438129133091 ], [ 120.85394715174688, 24.51438913759613 ], [ 120.853953413405307, 24.508971772641949 ] ] ] } },
{ "type": "Feature", "properties": { "Id": 0, "ExtX": 235600, "ExtY": 2711700, "FRAME7": "2944519", "圖號": "22944519" }, "geometry": { "type": "Polygon", "coordinates": [ [ [ 120.861847804974431, 24.50897920409539 ], [ 120.853953413405307, 24.508971772641949 ], [ 120.85394715174688, 24.51438913759613 ], [ 120.861841881780563, 24.514396570904076 ], [ 120.861847804974431, 24.50897920409539 ] ] ] } },
{ "type": "Feature", "properties": { "Id": 0, "ExtX": 236400, "ExtY": 2711700, "FRAME7": "2954519", "圖號": "22954519" }, "geometry": { "type": "Polygon", "coordinates": [ [ [ 120.869742199629769, 24.508986222693924 ], [ 120.861847804974431, 24.50897920409539 ], [ 120.861841881780563, 24.514396570904076 ], [ 120.869736614900972, 24.514403591254084 ], [ 120.869742199629769, 24.508986222693924 ] ] ] } },
{ "type": "Feature", "properties": { "Id": 0, "ExtX": 237200, "ExtY": 2711700, "FRAME7": "2964519", "圖號": "22964519" }, "geometry": { "type": "Polygon", "coordinates": [ [ [ 120.877636597194893, 24.508992828436931 ], [ 120.869742199629769, 24.508986222693924 ], [ 120.869736614900972, 24.514403591254084 ], [ 120.877631350931779, 24.514410198645535 ], [ 120.877636597194893, 24.508992828436931 ] ] ] } },
{ "type": "Feature", "properties": { "Id": 0, "ExtX": 238000, "ExtY": 2711700, "FRAME7": "2974519", "圖號": "22974519" }, "geometry": { "type": "Polygon", "coordinates": [ [ [ 120.885530997493476, 24.50899902132382 ], [ 120.877636597194893, 24.508992828436931 ], [ 120.877631350931779, 24.514410198645535 ], [ 120.885526089696526, 24.514416393077848 ], [ 120.885530997493476, 24.50899902132382 ] ] ] } },
{ "type": "Feature", "properties": { "Id": 0, "ExtX": 229200, "ExtY": 2712300, "FRAME7": "2864520", "圖號": "22864520" }, "geometry": { "type": "Polygon", "coordinates": [ [ [ 120.798684142756358, 24.514325541678055 ], [ 120.790789443766442, 24.514314804733321 ], [ 120.7907804717875, 24.519732147251506 ], [ 120.798675509335297, 24.519742886875168 ], [ 120.798684142756358, 24.514325541678055 ] ] ] } },
{ "type": "Feature", "properties": { "Id": 0, "ExtX": 230000, "ExtY": 2712300, "FRAME7": "2874520", "圖號": "22874520" }, "geometry": { "type": "Polygon", "coordinates": [ [ [ 120.806578846244051, 24.514335865671129 ], [ 120.798684142756358, 24.514325541678055 ], [ 120.798675509335297, 24.519742886875168 ], [ 120.806570551381739, 24.51975321344414 ], [ 120.806578846244051, 24.514335865671129 ] ] ] } },
{ "type": "Feature", "properties": { "Id": 0, "ExtX": 230800, "ExtY": 2712300, "FRAME7": "2884520", "圖號": "22884520" }, "geometry": { "type": "Polygon", "coordinates": [ [ [ 120.81447355405318, 24.514345776711625 ], [ 120.806578846244051, 24.514335865671129 ], [ 120.806570551381739, 24.51975321344414 ], [ 120.814465597750427, 24.519763126957503 ], [ 120.81447355405318, 24.514345776711625 ] ] ] } },
{ "type": "Feature", "properties": { "Id": 0, "ExtX": 231600, "ExtY": 2712300, "FRAME7": "2894520", "圖號": "22894520" }, "geometry": { "type": "Polygon", "coordinates": [ [ [ 120.822368266007359, 24.514355274798671 ], [ 120.81447355405318, 24.514345776711625 ], [ 120.814465597750427, 24.519763126957503 ], [ 120.822360648264933, 24.519772627414387 ], [ 120.822368266007359, 24.514355274798671 ] ] ] } },
{ "type": "Feature", "properties": { "Id": 0, "ExtX": 232400, "ExtY": 2712300, "FRAME7": "2904520", "圖號": "22904520" }, "geometry": { "type": "Polygon", "coordinates": [ [ [ 120.830262981930218, 24.514364359931431 ], [ 120.822368266007359, 24.514355274798671 ], [ 120.822360648264933, 24.519772627414387 ], [ 120.830255702748858, 24.519781714813934 ], [ 120.830262981930218, 24.514364359931431 ] ] ] } },
{ "type": "Feature", "properties": { "Id": 0, "ExtX": 233200, "ExtY": 2712300, "FRAME7": "2914520", "圖號": "22914520" }, "geometry": { "type": "Polygon", "coordinates": [ [ [ 120.838157701645329, 24.514373032109098 ], [ 120.830262981930218, 24.514364359931431 ], [ 120.830255702748858, 24.519781714813934 ], [ 120.838150761025773, 24.519790389155368 ], [ 120.838157701645329, 24.514373032109098 ] ] ] } },
{ "type": "Feature", "properties": { "Id": 0, "ExtX": 234000, "ExtY": 2712300, "FRAME7": "2924520", "圖號": "22924520" }, "geometry": { "type": "Polygon", "coordinates": [ [ [ 120.846052424976349, 24.51438129133091 ], [ 120.838157701645329, 24.514373032109098 ], [ 120.838150761025773, 24.519790389155368 ], [ 120.846045822919294, 24.519798650437902 ], [ 120.846052424976349, 24.51438129133091 ] ] ] } },
{ "type": "Feature", "properties": { "Id": 0, "ExtX": 234800, "ExtY": 2712300, "FRAME7": "2934520", "圖號": "22934520" }, "geometry": { "type": "Polygon", "coordinates": [ [ [ 120.85394715174688, 24.51438913759613 ], [ 120.846052424976349, 24.51438129133091 ], [ 120.846045822919294, 24.519798650437902 ], [ 120.853940888252936, 24.519806498660817 ], [ 120.85394715174688, 24.51438913759613 ] ] ] } },
{ "type": "Feature", "properties": { "Id": 0, "ExtX": 235600, "ExtY": 2712300, "FRAME7": "2944520", "圖號": "22944520" }, "geometry": { "type": "Polygon", "coordinates": [ [ [ 120.861841881780563, 24.514396570904076 ], [ 120.85394715174688, 24.51438913759613 ], [ 120.853940888252936, 24.519806498660817 ], [ 120.861835956850385, 24.519813933823425 ], [ 120.861841881780563, 24.514396570904076 ] ] ] } },
{ "type": "Feature", "properties": { "Id": 0, "ExtX": 236400, "ExtY": 2712300, "FRAME7": "2954520", "圖號": "22954520" }, "geometry": { "type": "Polygon", "coordinates": [ [ [ 120.869736614900972, 24.514403591254084 ], [ 120.861841881780563, 24.514396570904076 ], [ 120.861835956850385, 24.519813933823425 ], [ 120.869731028535114, 24.519820955925049 ], [ 120.869736614900972, 24.514403591254084 ] ] ] } },
{ "type": "Feature", "properties": { "Id": 0, "ExtX": 237200, "ExtY": 2712300, "FRAME7": "2964520", "圖號": "22964520" }, "geometry": { "type": "Polygon", "coordinates": [ [ [ 120.877631350931779, 24.514410198645535 ], [ 120.869736614900972, 24.514403591254084 ], [ 120.869731028535114, 24.519820955925049 ], [ 120.877626103130794, 24.519827564965087 ], [ 120.877631350931779, 24.514410198645535 ] ] ] } },
{ "type": "Feature", "properties": { "Id": 0, "ExtX": 238000, "ExtY": 2712300, "FRAME7": "2974520", "圖號": "22974520" }, "geometry": { "type": "Polygon", "coordinates": [ [ [ 120.885526089696526, 24.514416393077848 ], [ 120.877631350931779, 24.514410198645535 ], [ 120.877626103130794, 24.519827564965087 ], [ 120.885521180460941, 24.519833760942952 ], [ 120.885526089696526, 24.514416393077848 ] ] ] } },
{ "type": "Feature", "properties": { "Id": 0, "ExtX": 229200, "ExtY": 2712900, "FRAME7": "2864521", "圖號": "22864521" }, "geometry": { "type": "Polygon", "coordinates": [ [ [ 120.798675509335297, 24.519742886875168 ], [ 120.7907804717875, 24.519732147251506 ], [ 120.790771497178852, 24.525149485878018 ], [ 120.798666873383766, 24.525160228180837 ], [ 120.798675509335297, 24.519742886875168 ] ] ] } },
{ "type": "Feature", "properties": { "Id": 0, "ExtX": 230000, "ExtY": 2712900, "FRAME7": "2874521", "圖號": "22874521" }, "geometry": { "type": "Polygon", "coordinates": [ [ [ 120.806570551381739, 24.51975321344414 ], [ 120.798675509335297, 24.519742886875168 ], [ 120.798666873383766, 24.525160228180837 ], [ 120.806562254088163, 24.525170557325925 ], [ 120.806570551381739, 24.51975321344414 ] ] ] } },
{ "type": "Feature", "properties": { "Id": 0, "ExtX": 230800, "ExtY": 2712900, "FRAME7": "2884521", "圖號": "22884521" }, "geometry": { "type": "Polygon", "coordinates": [ [ [ 120.814465597750427, 24.519763126957503 ], [ 120.806570551381739, 24.51975321344414 ], [ 120.806562254088163, 24.525170557325925 ], [ 120.814457639115645, 24.525180473312357 ], [ 120.814465597750427, 24.519763126957503 ] ] ] } },
{ "type": "Feature", "properties": { "Id": 0, "ExtX": 231600, "ExtY": 2712900, "FRAME7": "2894521", "圖號": "22894521" }, "geometry": { "type": "Polygon", "coordinates": [ [ [ 120.822360648264933, 24.519772627414387 ], [ 120.814465597750427, 24.519763126957503 ], [ 120.814457639115645, 24.525180473312357 ], [ 120.822353028289712, 24.525189976139263 ], [ 120.822360648264933, 24.519772627414387 ] ] ] } },
{ "type": "Feature", "properties": { "Id": 0, "ExtX": 232400, "ExtY": 2712900, "FRAME7": "2904521", "圖號": "22904521" }, "geometry": { "type": "Polygon", "coordinates": [ [ [ 120.830255702748858, 24.519781714813934 ], [ 120.822360648264933, 24.519772627414387 ], [ 120.822353028289712, 24.525189976139263 ], [ 120.83024842143395, 24.525199065805808 ], [ 120.830255702748858, 24.519781714813934 ] ] ] } },
{ "type": "Feature", "properties": { "Id": 0, "ExtX": 233200, "ExtY": 2712900, "FRAME7": "2914521", "圖號": "22914521" }, "geometry": { "type": "Polygon", "coordinates": [ [ [ 120.838150761025773, 24.519790389155368 ], [ 120.830255702748858, 24.519781714813934 ], [ 120.83024842143395, 24.525199065805808 ], [ 120.838143818371904, 24.525207742311178 ], [ 120.838150761025773, 24.519790389155368 ] ] ] } },
{ "type": "Feature", "properties": { "Id": 0, "ExtX": 234000, "ExtY": 2712900, "FRAME7": "2924521", "圖號": "22924521" }, "geometry": { "type": "Polygon", "coordinates": [ [ [ 120.846045822919294, 24.519798650437902 ], [ 120.838150761025773, 24.519790389155368 ], [ 120.838143818371904, 24.525207742311178 ], [ 120.846039218927118, 24.525216005654617 ], [ 120.846045822919294, 24.519798650437902 ] ] ] } },
{ "type": "Feature", "properties": { "Id": 0, "ExtX": 234800, "ExtY": 2712900, "FRAME7": "2934521", "圖號": "22934521" }, "geometry": { "type": "Polygon", "coordinates": [ [ [ 120.853940888252936, 24.519806498660817 ], [ 120.846045822919294, 24.519798650437902 ], [ 120.846039218927118, 24.525216005654617 ], [ 120.853934622923163, 24.525223855835385 ], [ 120.853940888252936, 24.519806498660817 ] ] ] } },
{ "type": "Feature", "properties": { "Id": 0, "ExtX": 235600, "ExtY": 2712900, "FRAME7": "2944521", "圖號": "22944521" }, "geometry": { "type": "Polygon", "coordinates": [ [ [ 120.861835956850385, 24.519813933823425 ], [ 120.853940888252936, 24.519806498660817 ], [ 120.853934622923163, 24.525223855835385 ], [ 120.861830030183569, 24.525231292852794 ], [ 120.861835956850385, 24.519813933823425 ] ] ] } },
{ "type": "Feature", "properties": { "Id": 0, "ExtX": 236400, "ExtY": 2712900, "FRAME7": "2954521", "圖號": "22954521" }, "geometry": { "type": "Polygon", "coordinates": [ [ [ 120.869731028535114, 24.519820955925049 ], [ 120.861835956850385, 24.519813933823425 ], [ 120.861830030183569, 24.525231292852794 ], [ 120.86972544053188, 24.525238316706201 ], [ 120.869731028535114, 24.519820955925049 ] ] ] } },
{ "type": "Feature", "properties": { "Id": 0, "ExtX": 237200, "ExtY": 2712900, "FRAME7": "2964521", "圖號": "22964521" }, "geometry": { "type": "Polygon", "coordinates": [ [ [ 120.877626103130794, 24.519827564965087 ], [ 120.869731028535114, 24.519820955925049 ], [ 120.86972544053188, 24.525238316706201 ], [ 120.877620853791655, 24.525244927394958 ], [ 120.877626103130794, 24.519827564965087 ] ] ] } },
{ "type": "Feature", "properties": { "Id": 0, "ExtX": 238000, "ExtY": 2712900, "FRAME7": "2974521", "圖號": "22974521" }, "geometry": { "type": "Polygon", "coordinates": [ [ [ 120.885521180460941, 24.519833760942952 ], [ 120.877626103130794, 24.519827564965087 ], [ 120.877620853791655, 24.525244927394958 ], [ 120.88551626978645, 24.525251124918501 ], [ 120.885521180460941, 24.519833760942952 ] ] ] } },
{ "type": "Feature", "properties": { "Id": 0, "ExtX": 229200, "ExtY": 2713500, "FRAME7": "2864522", "圖號": "22864522" }, "geometry": { "type": "Polygon", "coordinates": [ [ [ 120.798666873383766, 24.525160228180837 ], [ 120.790771497178852, 24.525149485878018 ], [ 120.79076251993996, 24.530566820612222 ], [ 120.798658234901239, 24.530577565594427 ], [ 120.798666873383766, 24.525160228180837 ] ] ] } },
{ "type": "Feature", "properties": { "Id": 0, "ExtX": 230000, "ExtY": 2713500, "FRAME7": "2874522", "圖號": "22874522" }, "geometry": { "type": "Polygon", "coordinates": [ [ [ 120.806562254088163, 24.525170557325925 ], [ 120.798666873383766, 24.525160228180837 ], [ 120.798658234901239, 24.530577565594427 ], [ 120.806553954362883, 24.530587897315833 ], [ 120.806562254088163, 24.525170557325925 ] ] ] } },
{ "type": "Feature", "properties": { "Id": 0, "ExtX": 230800, "ExtY": 2713500, "FRAME7": "2884522", "圖號": "22884522" }, "geometry": { "type": "Polygon", "coordinates": [ [ [ 120.814457639115645, 24.525180473312357 ], [ 120.806562254088163, 24.525170557325925 ], [ 120.806553954362883, 24.530587897315833 ], [ 120.814449678148407, 24.530597815775543 ], [ 120.814457639115645, 24.525180473312357 ] ] ] } },
{ "type": "Feature", "properties": { "Id": 0, "ExtX": 231600, "ExtY": 2713500, "FRAME7": "2894522", "圖號": "22894522" }, "geometry": { "type": "Polygon", "coordinates": [ [ [ 120.822353028289712, 24.525189976139263 ], [ 120.814457639115645, 24.525180473312357 ], [ 120.814449678148407, 24.530597815775543 ], [ 120.822345406081283, 24.530607320972678 ], [ 120.822353028289712, 24.525189976139263 ] ] ] } },
{ "type": "Feature", "properties": { "Id": 0, "ExtX": 232400, "ExtY": 2713500, "FRAME7": "2904522", "圖號": "22904522" }, "geometry": { "type": "Polygon", "coordinates": [ [ [ 120.83024842143395, 24.525199065805808 ], [ 120.822353028289712, 24.525189976139263 ], [ 120.822345406081283, 24.530607320972678 ], [ 120.830241137985112, 24.530616412906397 ], [ 120.83024842143395, 24.525199065805808 ] ] ] } },
{ "type": "Feature", "properties": { "Id": 0, "ExtX": 233200, "ExtY": 2713500, "FRAME7": "2914522", "圖號": "22914522" }, "geometry": { "type": "Polygon", "coordinates": [ [ [ 120.838143818371904, 24.525207742311178 ], [ 120.83024842143395, 24.525199065805808 ], [ 120.830241137985112, 24.530616412906397 ], [ 120.838136873683325, 24.530625091575885 ], [ 120.838143818371904, 24.525207742311178 ] ] ] } },
{ "type": "Feature", "properties": { "Id": 0, "ExtX": 234000, "ExtY": 2713500, "FRAME7": "2924522", "圖號": "22924522" }, "geometry": { "type": "Polygon", "coordinates": [ [ [ 120.846039218927118, 24.525216005654617 ], [ 120.838143818371904, 24.525207742311178 ], [ 120.838136873683325, 24.530625091575885 ], [ 120.846032612999522, 24.530633356980392 ], [ 120.846039218927118, 24.525216005654617 ] ] ] } },
{ "type": "Feature", "properties": { "Id": 0, "ExtX": 234800, "ExtY": 2713500, "FRAME7": "2934522", "圖號": "22934522" }, "geometry": { "type": "Polygon", "coordinates": [ [ [ 120.853934622923163, 24.525223855835385 ], [ 120.846039218927118, 24.525216005654617 ], [ 120.846032612999522, 24.530633356980392 ], [ 120.853928355757176, 24.530641209119185 ], [ 120.853934622923163, 24.525223855835385 ] ] ] } },
{ "type": "Feature", "properties": { "Id": 0, "ExtX": 235600, "ExtY": 2713500, "FRAME7": "2944522", "圖號": "22944522" }, "geometry": { "type": "Polygon", "coordinates": [ [ [ 120.861830030183569, 24.525231292852794 ], [ 120.853934622923163, 24.525223855835385 ], [ 120.853928355757176, 24.530641209119185 ], [ 120.861824101779789, 24.530648647991569 ], [ 120.861830030183569, 24.525231292852794 ] ] ] } },
{ "type": "Feature", "properties": { "Id": 0, "ExtX": 236400, "ExtY": 2713500, "FRAME7": "2954522", "圖號": "22954522" }, "geometry": { "type": "Polygon", "coordinates": [ [ [ 120.86972544053188, 24.525238316706201 ], [ 120.861830030183569, 24.525231292852794 ], [ 120.861824101779789, 24.530648647991569 ], [ 120.869719850890917, 24.530655673596872 ], [ 120.86972544053188, 24.525238316706201 ] ] ] } },
{ "type": "Feature", "properties": { "Id": 0, "ExtX": 237200, "ExtY": 2713500, "FRAME7": "2964522", "圖號": "22964522" }, "geometry": { "type": "Polygon", "coordinates": [ [ [ 120.877620853791655, 24.525244927394958 ], [ 120.86972544053188, 24.525238316706201 ], [ 120.869719850890917, 24.530655673596872 ], [ 120.877615602914062, 24.5306622859345 ], [ 120.877620853791655, 24.525244927394958 ] ] ] } },
{ "type": "Feature", "properties": { "Id": 0, "ExtX": 238000, "ExtY": 2713500, "FRAME7": "2974522", "圖號": "22974522" }, "geometry": { "type": "Polygon", "coordinates": [ [ [ 120.88551626978645, 24.525251124918501 ], [ 120.877620853791655, 24.525244927394958 ], [ 120.877615602914062, 24.5306622859345 ], [ 120.88551135767274, 24.530668485003851 ], [ 120.88551626978645, 24.525251124918501 ] ] ] } },
{ "type": "Feature", "properties": { "Id": 0, "ExtX": 229200, "ExtY": 2714100, "FRAME7": "2864523", "圖號": "22864523" }, "geometry": { "type": "Polygon", "coordinates": [ [ [ 120.798658234901239, 24.530577565594427 ], [ 120.79076251993996, 24.530566820612222 ], [ 120.790753540070369, 24.535984151453484 ], [ 120.798649593887291, 24.535994899115284 ], [ 120.798658234901239, 24.530577565594427 ] ] ] } },
{ "type": "Feature", "properties": { "Id": 0, "ExtX": 230000, "ExtY": 2714100, "FRAME7": "2874523", "圖號": "22874523" }, "geometry": { "type": "Polygon", "coordinates": [ [ [ 120.806553954362883, 24.530587897315833 ], [ 120.798658234901239, 24.530577565594427 ], [ 120.798649593887291, 24.535994899115284 ], [ 120.806545652205429, 24.536005233413245 ], [ 120.806553954362883, 24.530587897315833 ] ] ] } },
{ "type": "Feature", "properties": { "Id": 0, "ExtX": 230800, "ExtY": 2714100, "FRAME7": "2884523", "圖號": "22884523" }, "geometry": { "type": "Polygon", "coordinates": [ [ [ 120.814449678148407, 24.530597815775543 ], [ 120.806553954362883, 24.530587897315833 ], [ 120.806545652205429, 24.536005233413245 ], [ 120.814441714848229, 24.536015154346433 ], [ 120.814449678148407, 24.530597815775543 ] ] ] } },
{ "type": "Feature", "properties": { "Id": 0, "ExtX": 231600, "ExtY": 2714100, "FRAME7": "2894523", "圖號": "22894523" }, "geometry": { "type": "Polygon", "coordinates": [ [ [ 120.822345406081283, 24.530607320972678 ], [ 120.814449678148407, 24.530597815775543 ], [ 120.814441714848229, 24.536015154346433 ], [ 120.82233778163922, 24.536024661913991 ], [ 120.822345406081283, 24.530607320972678 ] ] ] } },
{ "type": "Feature", "properties": { "Id": 0, "ExtX": 232400, "ExtY": 2714100, "FRAME7": "2904523", "圖號": "22904523" }, "geometry": { "type": "Polygon", "coordinates": [ [ [ 120.830241137985112, 24.530616412906397 ], [ 120.822345406081283, 24.530607320972678 ], [ 120.82233778163922, 24.536024661913991 ], [ 120.830233852401875, 24.536033756115074 ], [ 120.830241137985112, 24.530616412906397 ] ] ] } },
{ "type": "Feature", "properties": { "Id": 0, "ExtX": 233200, "ExtY": 2714100, "FRAME7": "2914523", "圖號": "22914523" }, "geometry": { "type": "Polygon", "coordinates": [ [ [ 120.838136873683325, 24.530625091575885 ], [ 120.830241137985112, 24.530616412906397 ], [ 120.830233852401875, 24.536033756115074 ], [ 120.838129926959652, 24.536042436948865 ], [ 120.838136873683325, 24.530625091575885 ] ] ] } },
{ "type": "Feature", "properties": { "Id": 0, "ExtX": 234000, "ExtY": 2714100, "FRAME7": "2924523", "圖號": "22924523" }, "geometry": { "type": "Polygon", "coordinates": [ [ [ 120.846032612999522, 24.530633356980392 ], [ 120.838136873683325, 24.530625091575885 ], [ 120.838129926959652, 24.536042436948865 ], [ 120.846026005136082, 24.53605070441462 ], [ 120.846032612999522, 24.530633356980392 ] ] ] } },
{ "type": "Feature", "properties": { "Id": 0, "ExtX": 234800, "ExtY": 2714100, "FRAME7": "2934523", "圖號": "22934523" }, "geometry": { "type": "Polygon", "coordinates": [ [ [ 120.853928355757176, 24.530641209119185 ], [ 120.846032612999522, 24.530633356980392 ], [ 120.846026005136082, 24.53605070441462 ], [ 120.853922086754622, 24.536058558511591 ], [ 120.853928355757176, 24.530641209119185 ] ] ] } },
{ "type": "Feature", "properties": { "Id": 0, "ExtX": 235600, "ExtY": 2714100, "FRAME7": "2944523", "圖號": "22944523" }, "geometry": { "type": "Polygon", "coordinates": [ [ [ 120.861824101779789, 24.530648647991569 ], [ 120.853928355757176, 24.530641209119185 ], [ 120.853922086754622, 24.536058558511591 ], [ 120.86181817163876, 24.536065999239096 ], [ 120.861824101779789, 24.530648647991569 ] ] ] } },
{ "type": "Feature", "properties": { "Id": 0, "ExtX": 236400, "ExtY": 2714100, "FRAME7": "2954523", "圖號": "22954523" }, "geometry": { "type": "Polygon", "coordinates": [ [ [ 120.869719850890917, 24.530655673596872 ], [ 120.861824101779789, 24.530648647991569 ], [ 120.86181817163876, 24.536065999239096 ], [ 120.869714259611968, 24.536073026596458 ], [ 120.869719850890917, 24.530655673596872 ] ] ] } },
{ "type": "Feature", "properties": { "Id": 0, "ExtX": 237200, "ExtY": 2714100, "FRAME7": "2964523", "圖號": "22964523" }, "geometry": { "type": "Polygon", "coordinates": [ [ [ 120.877615602914062, 24.5306622859345 ], [ 120.869719850890917, 24.530655673596872 ], [ 120.869714259611968, 24.536073026596458 ], [ 120.877610350497733, 24.536079640583086 ], [ 120.877615602914062, 24.5306622859345 ] ] ] } },
{ "type": "Feature", "properties": { "Id": 0, "ExtX": 238000, "ExtY": 2714100, "FRAME7": "2974523", "圖號": "22974523" }, "geometry": { "type": "Polygon", "coordinates": [ [ [ 120.88551135767274, 24.530668485003851 ], [ 120.877615602914062, 24.5306622859345 ], [ 120.877610350497733, 24.536079640583086 ], [ 120.885506444119585, 24.536085841198371 ], [ 120.88551135767274, 24.530668485003851 ] ] ] } },
{ "type": "Feature", "properties": { "Id": 0, "ExtX": 229200, "ExtY": 2714700, "FRAME7": "2864524", "圖號": "22864524" }, "geometry": { "type": "Polygon", "coordinates": [ [ [ 120.798649593887291, 24.535994899115284 ], [ 120.790753540070369, 24.535984151453484 ], [ 120.790744557569568, 24.541401478401163 ], [ 120.798640950341408, 24.541412228742793 ], [ 120.798649593887291, 24.535994899115284 ] ] ] } },
{ "type": "Feature", "properties": { "Id": 0, "ExtX": 230000, "ExtY": 2714700, "FRAME7": "2874524", "圖號": "22874524" }, "geometry": { "type": "Polygon", "coordinates": [ [ [ 120.806545652205429, 24.536005233413245 ], [ 120.798649593887291, 24.535994899115284 ], [ 120.798640950341408, 24.541412228742793 ], [ 120.806537347615333, 24.541422565617502 ], [ 120.806545652205429, 24.536005233413245 ] ] ] } },
{ "type": "Feature", "properties": { "Id": 0, "ExtX": 230800, "ExtY": 2714700, "FRAME7": "2884524", "圖號": "22884524" }, "geometry": { "type": "Polygon", "coordinates": [ [ [ 120.814441714848229, 24.536015154346433 ], [ 120.806545652205429, 24.536005233413245 ], [ 120.806537347615333, 24.541422565617502 ], [ 120.814433749214729, 24.541432489024388 ], [ 120.814441714848229, 24.536015154346433 ] ] ] } },
{ "type": "Feature", "properties": { "Id": 0, "ExtX": 231600, "ExtY": 2714700, "FRAME7": "2894524", "圖號": "22894524" }, "geometry": { "type": "Polygon", "coordinates": [ [ [ 120.82233778163922, 24.536024661913991 ], [ 120.814441714848229, 24.536015154346433 ], [ 120.814433749214729, 24.541432489024388 ], [ 120.822330154963112, 24.541441998962572 ], [ 120.82233778163922, 24.536024661913991 ] ] ] } },
{ "type": "Feature", "properties": { "Id": 0, "ExtX": 232400, "ExtY": 2714700, "FRAME7": "2904524", "圖號": "22904524" }, "geometry": { "type": "Polygon", "coordinates": [ [ [ 120.830233852401875, 24.536033756115074 ], [ 120.82233778163922, 24.536024661913991 ], [ 120.822330154963112, 24.541441998962572 ], [ 120.830226564683869, 24.541451095431199 ], [ 120.830233852401875, 24.536033756115074 ] ] ] } },
{ "type": "Feature", "properties": { "Id": 0, "ExtX": 233200, "ExtY": 2714700, "FRAME7": "2914524", "圖號": "22914524" }, "geometry": { "type": "Polygon", "coordinates": [ [ [ 120.838129926959652, 24.536042436948865 ], [ 120.830233852401875, 24.536033756115074 ], [ 120.830226564683869, 24.541451095431199 ], [ 120.838122978200502, 24.541459778429484 ], [ 120.838129926959652, 24.536042436948865 ] ] ] } },
{ "type": "Feature", "properties": { "Id": 0, "ExtX": 234000, "ExtY": 2714700, "FRAME7": "2924524", "圖號": "22924524" }, "geometry": { "type": "Polygon", "coordinates": [ [ [ 120.846026005136082, 24.53605070441462 ], [ 120.838129926959652, 24.536042436948865 ], [ 120.838122978200502, 24.541459778429484 ], [ 120.846019395336455, 24.541468047956645 ], [ 120.846026005136082, 24.53605070441462 ] ] ] } },
{ "type": "Feature", "properties": { "Id": 0, "ExtX": 234800, "ExtY": 2714700, "FRAME7": "2934524", "圖號": "22934524" }, "geometry": { "type": "Polygon", "coordinates": [ [ [ 120.853922086754622, 24.536058558511591 ], [ 120.846026005136082, 24.53605070441462 ], [ 120.846019395336455, 24.541468047956645 ], [ 120.853915815915173, 24.541475904011964 ], [ 120.853922086754622, 24.536058558511591 ] ] ] } },
{ "type": "Feature", "properties": { "Id": 0, "ExtX": 235600, "ExtY": 2714700, "FRAME7": "2944524", "圖號": "22944524" }, "geometry": { "type": "Polygon", "coordinates": [ [ [ 120.86181817163876, 24.536065999239096 ], [ 120.853922086754622, 24.536058558511591 ], [ 120.853915815915173, 24.541475904011964 ], [ 120.861812239760084, 24.541483346594738 ], [ 120.86181817163876, 24.536065999239096 ] ] ] } },
{ "type": "Feature", "properties": { "Id": 0, "ExtX": 236400, "ExtY": 2714700, "FRAME7": "2954524", "圖號": "22954524" }, "geometry": { "type": "Polygon", "coordinates": [ [ [ 120.869714259611968, 24.536073026596458 ], [ 120.86181817163876, 24.536065999239096 ], [ 120.861812239760084, 24.541483346594738 ], [ 120.869708666694692, 24.54149037570431 ], [ 120.869714259611968, 24.536073026596458 ] ] ] } },
{ "type": "Feature", "properties": { "Id": 0, "ExtX": 237200, "ExtY": 2714700, "FRAME7": "2964524", "圖號": "22964524" }, "geometry": { "type": "Polygon", "coordinates": [ [ [ 120.877610350497733, 24.536079640583086 ], [ 120.869714259611968, 24.536073026596458 ], [ 120.869708666694692, 24.54149037570431 ], [ 120.87760509654241, 24.541496991340072 ], [ 120.877610350497733, 24.536079640583086 ] ] ] } },
{ "type": "Feature", "properties": { "Id": 0, "ExtX": 238000, "ExtY": 2714700, "FRAME7": "2974524", "圖號": "22974524" }, "geometry": { "type": "Polygon", "coordinates": [ [ [ 120.885506444119585, 24.536085841198371 ], [ 120.877610350497733, 24.536079640583086 ], [ 120.87760509654241, 24.541496991340072 ], [ 120.885501529126671, 24.541503193501427 ], [ 120.885506444119585, 24.536085841198371 ] ] ] } },
{ "type": "Feature", "properties": { "Id": 0, "ExtX": 229200, "ExtY": 2715300, "FRAME7": "2864525", "圖號": "22864525" }, "geometry": { "type": "Polygon", "coordinates": [ [ [ 120.798640950341408, 24.541412228742793 ], [ 120.790744557569568, 24.541401478401163 ], [ 120.790735572437043, 24.546818801454631 ], [ 120.798632304263137, 24.546829554476311 ], [ 120.798640950341408, 24.541412228742793 ] ] ] } },
{ "type": "Feature", "properties": { "Id": 0, "ExtX": 230000, "ExtY": 2715300, "FRAME7": "2874525", "圖號": "22874525" }, "geometry": { "type": "Polygon", "coordinates": [ [ [ 120.806537347615333, 24.541422565617502 ], [ 120.798640950341408, 24.541412228742793 ], [ 120.798632304263137, 24.546829554476311 ], [ 120.806529040592125, 24.546839893927995 ], [ 120.806537347615333, 24.541422565617502 ] ] ] } },
{ "type": "Feature", "properties": { "Id": 0, "ExtX": 230800, "ExtY": 2715300, "FRAME7": "2884525", "圖號": "22884525" }, "geometry": { "type": "Polygon", "coordinates": [ [ [ 120.814433749214729, 24.541432489024388 ], [ 120.806537347615333, 24.541422565617502 ], [ 120.806529040592125, 24.546839893927995 ], [ 120.814425781247436, 24.546849819808774 ], [ 120.814433749214729, 24.541432489024388 ] ] ] } },
{ "type": "Feature", "properties": { "Id": 0, "ExtX": 231600, "ExtY": 2715300, "FRAME7": "2894525", "圖號": "22894525" }, "geometry": { "type": "Polygon", "coordinates": [ [ [ 120.822330154963112, 24.541441998962572 ], [ 120.814433749214729, 24.541432489024388 ], [ 120.814425781247436, 24.546849819808774 ], [ 120.822322526052488, 24.546859332117769 ], [ 120.822330154963112, 24.541441998962572 ] ] ] } },
{ "type": "Feature", "properties": { "Id": 0, "ExtX": 232400, "ExtY": 2715300, "FRAME7": "2904525", "圖號": "22904525" }, "geometry": { "type": "Polygon", "coordinates": [ [ [ 120.830226564683869, 24.541451095431199 ], [ 120.822330154963112, 24.541441998962572 ], [ 120.822322526052488, 24.546859332117769 ], [ 120.830219274830696, 24.546868430854147 ], [ 120.830226564683869, 24.541451095431199 ] ] ] } },
{ "type": "Feature", "properties": { "Id": 0, "ExtX": 233200, "ExtY": 2715300, "FRAME7": "2914525", "圖號": "22914525" }, "geometry": { "type": "Polygon", "coordinates": [ [ [ 120.838122978200502, 24.541459778429484 ], [ 120.830226564683869, 24.541451095431199 ], [ 120.830219274830696, 24.546868430854147 ], [ 120.838116027405491, 24.54687711601709 ], [ 120.838122978200502, 24.541459778429484 ] ] ] } },
{ "type": "Feature", "properties": { "Id": 0, "ExtX": 234000, "ExtY": 2715300, "FRAME7": "2924525", "圖號": "22924525" }, "geometry": { "type": "Polygon", "coordinates": [ [ [ 120.846019395336455, 24.541468047956645 ], [ 120.838122978200502, 24.541459778429484 ], [ 120.838116027405491, 24.54687711601709 ], [ 120.846012783600273, 24.54688538760584 ], [ 120.846019395336455, 24.541468047956645 ] ] ] } },
{ "type": "Feature", "properties": { "Id": 0, "ExtX": 234800, "ExtY": 2715300, "FRAME7": "2934525", "圖號": "22934525" }, "geometry": { "type": "Polygon", "coordinates": [ [ [ 120.853915815915173, 24.541475904011964 ], [ 120.846019395336455, 24.541468047956645 ], [ 120.846012783600273, 24.54688538760584 ], [ 120.853909543238487, 24.546893245619668 ], [ 120.853915815915173, 24.541475904011964 ] ] ] } },
{ "type": "Feature", "properties": { "Id": 0, "ExtX": 235600, "ExtY": 2715300, "FRAME7": "2944525", "圖號": "22944525" }, "geometry": { "type": "Polygon", "coordinates": [ [ [ 120.861812239760084, 24.541483346594738 ], [ 120.853915815915173, 24.541475904011964 ], [ 120.853909543238487, 24.546893245619668 ], [ 120.861806306143507, 24.546900690057875 ], [ 120.861812239760084, 24.541483346594738 ] ] ] } },
{ "type": "Feature", "properties": { "Id": 0, "ExtX": 236400, "ExtY": 2715300, "FRAME7": "2954525", "圖號": "22954525" }, "geometry": { "type": "Polygon", "coordinates": [ [ [ 120.869708666694692, 24.54149037570431 ], [ 120.861812239760084, 24.541483346594738 ], [ 120.861806306143507, 24.546900690057875 ], [ 120.869703072138776, 24.546907720919801 ], [ 120.869708666694692, 24.54149037570431 ] ] ] } },
{ "type": "Feature", "properties": { "Id": 0, "ExtX": 237200, "ExtY": 2715300, "FRAME7": "2964525", "圖號": "22964525" }, "geometry": { "type": "Polygon", "coordinates": [ [ [ 120.87760509654241, 24.541496991340072 ], [ 120.869708666694692, 24.54149037570431 ], [ 120.869703072138776, 24.546907720919801 ], [ 120.877599841047754, 24.546914338204832 ], [ 120.87760509654241, 24.541496991340072 ] ] ] } },
{ "type": "Feature", "properties": { "Id": 0, "ExtX": 238000, "ExtY": 2715300, "FRAME7": "2974525", "圖號": "22974525" }, "geometry": { "type": "Polygon", "coordinates": [ [ [ 120.885501529126671, 24.541503193501427 ], [ 120.87760509654241, 24.541496991340072 ], [ 120.877599841047754, 24.546914338204832 ], [ 120.885496612693771, 24.546920541912382 ], [ 120.885501529126671, 24.541503193501427 ] ] ] } },
{ "type": "Feature", "properties": { "Id": 0, "ExtX": 229200, "ExtY": 2715900, "FRAME7": "2864526", "圖號": "22864526" }, "geometry": { "type": "Polygon", "coordinates": [ [ [ 120.798632304263137, 24.546829554476311 ], [ 120.790735572437043, 24.546818801454631 ], [ 120.790726584672328, 24.552236120613255 ], [ 120.79862365565198, 24.552246876315209 ], [ 120.798632304263137, 24.546829554476311 ] ] ] } },
{ "type": "Feature", "properties": { "Id": 0, "ExtX": 230000, "ExtY": 2715900, "FRAME7": "2874526", "圖號": "22874526" }, "geometry": { "type": "Polygon", "coordinates": [ [ [ 120.806529040592125, 24.546839893927995 ], [ 120.798632304263137, 24.546829554476311 ], [ 120.79862365565198, 24.552246876315209 ], [ 120.806520731135379, 24.552257218344078 ], [ 120.806529040592125, 24.546839893927995 ] ] ] } },
{ "type": "Feature", "properties": { "Id": 0, "ExtX": 230800, "ExtY": 2715900, "FRAME7": "2884526", "圖號": "22884526" }, "geometry": { "type": "Polygon", "coordinates": [ [ [ 120.814425781247436, 24.546849819808774 ], [ 120.806529040592125, 24.546839893927995 ], [ 120.806520731135379, 24.552257218344078 ], [ 120.814417810945898, 24.552267146698959 ], [ 120.814425781247436, 24.546849819808774 ] ] ] } },
{ "type": "Feature", "properties": { "Id": 0, "ExtX": 231600, "ExtY": 2715900, "FRAME7": "2894526", "圖號": "22894526" }, "geometry": { "type": "Polygon", "coordinates": [ [ [ 120.822322526052488, 24.546859332117769 ], [ 120.814425781247436, 24.546849819808774 ], [ 120.814417810945898, 24.552267146698959 ], [ 120.822314894906981, 24.552276661378972 ], [ 120.822322526052488, 24.546859332117769 ] ] ] } },
{ "type": "Feature", "properties": { "Id": 0, "ExtX": 232400, "ExtY": 2715900, "FRAME7": "2904526", "圖號": "22904526" }, "geometry": { "type": "Polygon", "coordinates": [ [ [ 120.830219274830696, 24.546868430854147 ], [ 120.822322526052488, 24.546859332117769 ], [ 120.822314894906981, 24.552276661378972 ], [ 120.830211982841959, 24.552285762383278 ], [ 120.830219274830696, 24.546868430854147 ] ] ] } },
{ "type": "Feature", "properties": { "Id": 0, "ExtX": 233200, "ExtY": 2715900, "FRAME7": "2914526", "圖號": "22914526" }, "geometry": { "type": "Polygon", "coordinates": [ [ [ 120.838116027405491, 24.54687711601709 ], [ 120.830219274830696, 24.546868430854147 ], [ 120.830211982841959, 24.552285762383278 ], [ 120.838109074574234, 24.552294449711066 ], [ 120.838116027405491, 24.54687711601709 ] ] ] } },
{ "type": "Feature", "properties": { "Id": 0, "ExtX": 234000, "ExtY": 2715900, "FRAME7": "2924526", "圖號": "22924526" }, "geometry": { "type": "Polygon", "coordinates": [ [ [ 120.846012783600273, 24.54688538760584 ], [ 120.838116027405491, 24.54687711601709 ], [ 120.838109074574234, 24.552294449711066 ], [ 120.846006169927193, 24.552302723361578 ], [ 120.846012783600273, 24.54688538760584 ] ] ] } },
{ "type": "Feature", "properties": { "Id": 0, "ExtX": 234800, "ExtY": 2715900, "FRAME7": "2934526", "圖號": "22934526" }, "geometry": { "type": "Polygon", "coordinates": [ [ [ 120.853909543238487, 24.546893245619668 ], [ 120.846012783600273, 24.54688538760584 ], [ 120.846006169927193, 24.552302723361578 ], [ 120.853903268724196, 24.55231058333408 ], [ 120.853909543238487, 24.546893245619668 ] ] ] } },
{ "type": "Feature", "properties": { "Id": 0, "ExtX": 235600, "ExtY": 2715900, "FRAME7": "2944526", "圖號": "22944526" }, "geometry": { "type": "Polygon", "coordinates": [ [ [ 120.861806306143507, 24.546900690057875 ], [ 120.853909543238487, 24.546893245619668 ], [ 120.853903268724196, 24.55231058333408 ], [ 120.861800370788657, 24.55231802962787 ], [ 120.861806306143507, 24.546900690057875 ] ] ] } },
{ "type": "Feature", "properties": { "Id": 0, "ExtX": 236400, "ExtY": 2715900, "FRAME7": "2954526", "圖號": "22954526" }, "geometry": { "type": "Polygon", "coordinates": [ [ [ 120.869703072138776, 24.546907720919801 ], [ 120.861806306143507, 24.546900690057875 ], [ 120.861800370788657, 24.55231802962787 ], [ 120.869697475943966, 24.552325062242293 ], [ 120.869703072138776, 24.546907720919801 ] ] ] } },
{ "type": "Feature", "properties": { "Id": 0, "ExtX": 237200, "ExtY": 2715900, "FRAME7": "2964526", "圖號": "22964526" }, "geometry": { "type": "Polygon", "coordinates": [ [ [ 120.877599841047754, 24.546914338204832 ], [ 120.869703072138776, 24.546907720919801 ], [ 120.869697475943966, 24.552325062242293 ], [ 120.877594584013465, 24.552331681176735 ], [ 120.877599841047754, 24.546914338204832 ] ] ] } },
{ "type": "Feature", "properties": { "Id": 0, "ExtX": 238000, "ExtY": 2715900, "FRAME7": "2974526", "圖號": "22974526" }, "geometry": { "type": "Polygon", "coordinates": [ [ [ 120.885496612693771, 24.546920541912382 ], [ 120.877599841047754, 24.546914338204832 ], [ 120.877594584013465, 24.552331681176735 ], [ 120.885491694820587, 24.552337886430614 ], [ 120.885496612693771, 24.546920541912382 ] ] ] } },
{ "type": "Feature", "properties": { "Id": 0, "ExtX": 229200, "ExtY": 2716500, "FRAME7": "2864527", "圖號": "22864527" }, "geometry": { "type": "Polygon", "coordinates": [ [ [ 120.79862365565198, 24.552246876315209 ], [ 120.790726584672328, 24.552236120613255 ], [ 120.790717594274895, 24.557653435876389 ], [ 120.79861500450744, 24.557664194258837 ], [ 120.79862365565198, 24.552246876315209 ] ] ] } },
{ "type": "Feature", "properties": { "Id": 0, "ExtX": 230000, "ExtY": 2716500, "FRAME7": "2874527", "圖號": "22874527" }, "geometry": { "type": "Polygon", "coordinates": [ [ [ 120.806520731135379, 24.552257218344078 ], [ 120.79862365565198, 24.552246876315209 ], [ 120.79861500450744, 24.557664194258837 ], [ 120.806512419244598, 24.557674538865115 ], [ 120.806520731135379, 24.552257218344078 ] ] ] } },
{ "type": "Feature", "properties": { "Id": 0, "ExtX": 230800, "ExtY": 2716500, "FRAME7": "2884527", "圖號": "22884527" }, "geometry": { "type": "Polygon", "coordinates": [ [ [ 120.814417810945898, 24.552267146698959 ], [ 120.806520731135379, 24.552257218344078 ], [ 120.806512419244598, 24.557674538865115 ], [ 120.814409838309714, 24.557684469694308 ], [ 120.814417810945898, 24.552267146698959 ] ] ] } },
{ "type": "Feature", "properties": { "Id": 0, "ExtX": 231600, "ExtY": 2716500, "FRAME7": "2894527", "圖號": "22894527" }, "geometry": { "type": "Polygon", "coordinates": [ [ [ 120.822314894906981, 24.552276661378972 ], [ 120.814417810945898, 24.552267146698959 ], [ 120.814409838309714, 24.557684469694308 ], [ 120.822307261526149, 24.557693986745537 ], [ 120.822314894906981, 24.552276661378972 ] ] ] } },
{ "type": "Feature", "properties": { "Id": 0, "ExtX": 232400, "ExtY": 2716500, "FRAME7": "2904527", "圖號": "22904527" }, "geometry": { "type": "Polygon", "coordinates": [ [ [ 120.830211982841959, 24.552285762383278 ], [ 120.822314894906981, 24.552276661378972 ], [ 120.822307261526149, 24.557693986745537 ], [ 120.830204688717245, 24.557703090017959 ], [ 120.830211982841959, 24.552285762383278 ] ] ] } },
{ "type": "Feature", "properties": { "Id": 0, "ExtX": 233200, "ExtY": 2716500, "FRAME7": "2914527", "圖號": "22914527" }, "geometry": { "type": "Polygon", "coordinates": [ [ [ 120.838109074574234, 24.552294449711066 ], [ 120.830211982841959, 24.552285762383278 ], [ 120.830204688717245, 24.557703090017959 ], [ 120.838102119706321, 24.557711779510768 ], [ 120.838109074574234, 24.552294449711066 ] ] ] } },
{ "type": "Feature", "properties": { "Id": 0, "ExtX": 234000, "ExtY": 2716500, "FRAME7": "2924527", "圖號": "22924527" }, "geometry": { "type": "Polygon", "coordinates": [ [ [ 120.846006169927193, 24.552302723361578 ], [ 120.838109074574234, 24.552294449711066 ], [ 120.838102119706321, 24.557711779510768 ], [ 120.845999554316791, 24.557720055223207 ], [ 120.846006169927193, 24.552302723361578 ] ] ] } },
{ "type": "Feature", "properties": { "Id": 0, "ExtX": 234800, "ExtY": 2716500, "FRAME7": "2934527", "圖號": "22934527" }, "geometry": { "type": "Polygon", "coordinates": [ [ [ 120.853903268724196, 24.55231058333408 ], [ 120.846006169927193, 24.552302723361578 ], [ 120.845999554316791, 24.557720055223207 ], [ 120.853896992371972, 24.557727917154541 ], [ 120.853903268724196, 24.55231058333408 ] ] ] } },
{ "type": "Feature", "properties": { "Id": 0, "ExtX": 235600, "ExtY": 2716500, "FRAME7": "2944527", "圖號": "22944527" }, "geometry": { "type": "Polygon", "coordinates": [ [ [ 120.861800370788657, 24.55231802962787 ], [ 120.853903268724196, 24.55231058333408 ], [ 120.853896992371972, 24.557727917154541 ], [ 120.861794433695209, 24.557735365304076 ], [ 120.861800370788657, 24.55231802962787 ] ] ] } },
{ "type": "Feature", "properties": { "Id": 0, "ExtX": 236400, "ExtY": 2716500, "FRAME7": "2954527", "圖號": "22954527" }, "geometry": { "type": "Polygon", "coordinates": [ [ [ 120.869697475943966, 24.552325062242293 ], [ 120.861800370788657, 24.55231802962787 ], [ 120.861794433695209, 24.557735365304076 ], [ 120.869691878109862, 24.557742399671145 ], [ 120.869697475943966, 24.552325062242293 ] ] ] } },
{ "type": "Feature", "properties": { "Id": 0, "ExtX": 237200, "ExtY": 2716500, "FRAME7": "2964527", "圖號": "22964527" }, "geometry": { "type": "Polygon", "coordinates": [ [ [ 120.877594584013465, 24.552331681176735 ], [ 120.869697475943966, 24.552325062242293 ], [ 120.869691878109862, 24.557742399671145 ], [ 120.877589325439288, 24.557749020255141 ], [ 120.877594584013465, 24.552331681176735 ] ] ] } },
{ "type": "Feature", "properties": { "Id": 0, "ExtX": 238000, "ExtY": 2716500, "FRAME7": "2974527", "圖號": "22974527" }, "geometry": { "type": "Polygon", "coordinates": [ [ [ 120.885491694820587, 24.552337886430614 ], [ 120.877594584013465, 24.552331681176735 ], [ 120.877589325439288, 24.557749020255141 ], [ 120.885486775506834, 24.557755227055466 ], [ 120.885491694820587, 24.552337886430614 ] ] ] } },
{ "type": "Feature", "properties": { "Id": 0, "ExtX": 229200, "ExtY": 2717100, "FRAME7": "2864528", "圖號": "22864528" }, "geometry": { "type": "Polygon", "coordinates": [ [ [ 120.79861500450744, 24.557664194258837 ], [ 120.790717594274895, 24.557653435876389 ], [ 120.790708601244233, 24.563070747243408 ], [ 120.798606350829075, 24.563081508306578 ], [ 120.79861500450744, 24.557664194258837 ] ] ] } },
{ "type": "Feature", "properties": { "Id": 0, "ExtX": 230000, "ExtY": 2717100, "FRAME7": "2874528", "圖號": "22874528" }, "geometry": { "type": "Polygon", "coordinates": [ [ [ 120.806512419244598, 24.557674538865115 ], [ 120.79861500450744, 24.557664194258837 ], [ 120.798606350829075, 24.563081508306578 ], [ 120.806504104919355, 24.56309185549047 ], [ 120.806512419244598, 24.557674538865115 ] ] ] } },
{ "type": "Feature", "properties": { "Id": 0, "ExtX": 230800, "ExtY": 2717100, "FRAME7": "2884528", "圖號": "22884528" }, "geometry": { "type": "Polygon", "coordinates": [ [ [ 120.814409838309714, 24.557684469694308 ], [ 120.806512419244598, 24.557674538865115 ], [ 120.806504104919355, 24.56309185549047 ], [ 120.814401863338432, 24.563101788794174 ], [ 120.814409838309714, 24.557684469694308 ] ] ] } },
{ "type": "Feature", "properties": { "Id": 0, "ExtX": 231600, "ExtY": 2717100, "FRAME7": "2894528", "圖號": "22894528" }, "geometry": { "type": "Polygon", "coordinates": [ [ [ 120.822307261526149, 24.557693986745537 ], [ 120.814409838309714, 24.557684469694308 ], [ 120.814401863338432, 24.563101788794174 ], [ 120.822299625909565, 24.563111308216822 ], [ 120.822307261526149, 24.557693986745537 ] ] ] } },
{ "type": "Feature", "properties": { "Id": 0, "ExtX": 232400, "ExtY": 2717100, "FRAME7": "2904528", "圖號": "22904528" }, "geometry": { "type": "Polygon", "coordinates": [ [ [ 120.830204688717245, 24.557703090017959 ], [ 120.822307261526149, 24.557693986745537 ], [ 120.822299625909565, 24.563111308216822 ], [ 120.830197392456128, 24.563120413757552 ], [ 120.830204688717245, 24.557703090017959 ] ] ] } },
{ "type": "Feature", "properties": { "Id": 0, "ExtX": 233200, "ExtY": 2717100, "FRAME7": "2914528", "圖號": "22914528" }, "geometry": { "type": "Polygon", "coordinates": [ [ [ 120.838102119706321, 24.557711779510768 ], [ 120.830204688717245, 24.557703090017959 ], [ 120.830197392456128, 24.563120413757552 ], [ 120.838095162801409, 24.563129105415573 ], [ 120.838102119706321, 24.557711779510768 ] ] ] } },
{ "type": "Feature", "properties": { "Id": 0, "ExtX": 234000, "ExtY": 2717100, "FRAME7": "2924528", "圖號": "22924528" }, "geometry": { "type": "Polygon", "coordinates": [ [ [ 120.845999554316791, 24.557720055223207 ], [ 120.838102119706321, 24.557711779510768 ], [ 120.838095162801409, 24.563129105415573 ], [ 120.845992936768738, 24.563137383190117 ], [ 120.845999554316791, 24.557720055223207 ] ] ] } },
{ "type": "Feature", "properties": { "Id": 0, "ExtX": 234800, "ExtY": 2717100, "FRAME7": "2934528", "圖號": "22934528" }, "geometry": { "type": "Polygon", "coordinates": [ [ [ 120.853896992371972, 24.557727917154541 ], [ 120.845999554316791, 24.557720055223207 ], [ 120.845992936768738, 24.563137383190117 ], [ 120.853890714181446, 24.563145247080449 ], [ 120.853896992371972, 24.557727917154541 ] ] ] } },
{ "type": "Feature", "properties": { "Id": 0, "ExtX": 235600, "ExtY": 2717100, "FRAME7": "2944528", "圖號": "22944528" }, "geometry": { "type": "Polygon", "coordinates": [ [ [ 120.861794433695209, 24.557735365304076 ], [ 120.853896992371972, 24.557727917154541 ], [ 120.853890714181446, 24.563145247080449 ], [ 120.86178849486285, 24.563152697085876 ], [ 120.861794433695209, 24.557735365304076 ] ] ] } },
{ "type": "Feature", "properties": { "Id": 0, "ExtX": 236400, "ExtY": 2717100, "FRAME7": "2954528", "圖號": "22954528" }, "geometry": { "type": "Polygon", "coordinates": [ [ [ 120.869691878109862, 24.557742399671145 ], [ 120.861794433695209, 24.557735365304076 ], [ 120.86178849486285, 24.563152697085876 ], [ 120.869686278636223, 24.563159733205737 ], [ 120.869691878109862, 24.557742399671145 ] ] ] } },
{ "type": "Feature", "properties": { "Id": 0, "ExtX": 237200, "ExtY": 2717100, "FRAME7": "2964528", "圖號": "22964528" }, "geometry": { "type": "Polygon", "coordinates": [ [ [ 120.877589325439288, 24.557749020255141 ], [ 120.869691878109862, 24.557742399671145 ], [ 120.869686278636223, 24.563159733205737 ], [ 120.877584065324925, 24.563166355439414 ], [ 120.877589325439288, 24.557749020255141 ] ] ] } },
{ "type": "Feature", "properties": { "Id": 0, "ExtX": 238000, "ExtY": 2717100, "FRAME7": "2974528", "圖號": "22974528" }, "geometry": { "type": "Polygon", "coordinates": [ [ [ 120.885486775506834, 24.557755227055466 ], [ 120.877589325439288, 24.557749020255141 ], [ 120.877584065324925, 24.563166355439414 ], [ 120.885481854752271, 24.563172563786321 ], [ 120.885486775506834, 24.557755227055466 ] ] ] } },
{ "type": "Feature", "properties": { "Id": 0, "ExtX": 229200, "ExtY": 2717700, "FRAME7": "2864529", "圖號": "22864529" }, "geometry": { "type": "Polygon", "coordinates": [ [ [ 120.798606350829075, 24.563081508306578 ], [ 120.790708601244233, 24.563070747243408 ], [ 120.790699605579917, 24.568488054713672 ], [ 120.79859769461639, 24.56849881845779 ], [ 120.798606350829075, 24.563081508306578 ] ] ] } },
{ "type": "Feature", "properties": { "Id": 0, "ExtX": 230000, "ExtY": 2717700, "FRAME7": "2874529", "圖號": "22874529" }, "geometry": { "type": "Polygon", "coordinates": [ [ [ 120.806504104919355, 24.56309185549047 ], [ 120.798606350829075, 24.563081508306578 ], [ 120.79859769461639, 24.56849881845779 ], [ 120.806495788159182, 24.568509168219514 ], [ 120.806504104919355, 24.56309185549047 ] ] ] } },
{ "type": "Feature", "properties": { "Id": 0, "ExtX": 230800, "ExtY": 2717700, "FRAME7": "2884529", "圖號": "22884529" }, "geometry": { "type": "Polygon", "coordinates": [ [ [ 120.814401863338432, 24.563101788794174 ], [ 120.806504104919355, 24.56309185549047 ], [ 120.806495788159182, 24.568509168219514 ], [ 120.814393886031553, 24.568519103997939 ], [ 120.814401863338432, 24.563101788794174 ] ] ] } },
{ "type": "Feature", "properties": { "Id": 0, "ExtX": 231600, "ExtY": 2717700, "FRAME7": "2894529", "圖號": "22894529" }, "geometry": { "type": "Polygon", "coordinates": [ [ [ 120.822299625909565, 24.563111308216822 ], [ 120.814401863338432, 24.563101788794174 ], [ 120.814393886031553, 24.568519103997939 ], [ 120.822291988056804, 24.56852862579219 ], [ 120.822299625909565, 24.563111308216822 ] ] ] } },
{ "type": "Feature", "properties": { "Id": 0, "ExtX": 232400, "ExtY": 2717700, "FRAME7": "2904529", "圖號": "22904529" }, "geometry": { "type": "Polygon", "coordinates": [ [ [ 120.830197392456128, 24.563120413757552 ], [ 120.822299625909565, 24.563111308216822 ], [ 120.822291988056804, 24.56852862579219 ], [ 120.830190094058239, 24.568537733601428 ], [ 120.830197392456128, 24.563120413757552 ] ] ] } },
{ "type": "Feature", "properties": { "Id": 0, "ExtX": 233200, "ExtY": 2717700, "FRAME7": "2914529", "圖號": "22914529" }, "geometry": { "type": "Polygon", "coordinates": [ [ [ 120.838095162801409, 24.563129105415573 ], [ 120.830197392456128, 24.563120413757552 ], [ 120.830190094058239, 24.568537733601428 ], [ 120.838088203859087, 24.568546427424831 ], [ 120.838095162801409, 24.563129105415573 ] ] ] } },
{ "type": "Feature", "properties": { "Id": 0, "ExtX": 234000, "ExtY": 2717700, "FRAME7": "2924529", "圖號": "22924529" }, "geometry": { "type": "Polygon", "coordinates": [ [ [ 120.845992936768738, 24.563137383190117 ], [ 120.838095162801409, 24.563129105415573 ], [ 120.838088203859087, 24.568546427424831 ], [ 120.845986317282694, 24.568554707261651 ], [ 120.845992936768738, 24.563137383190117 ] ] ] } },
{ "type": "Feature", "properties": { "Id": 0, "ExtX": 234800, "ExtY": 2717700, "FRAME7": "2934529", "圖號": "22934529" }, "geometry": { "type": "Polygon", "coordinates": [ [ [ 120.853890714181446, 24.563145247080449 ], [ 120.845992936768738, 24.563137383190117 ], [ 120.845986317282694, 24.568554707261651 ], [ 120.853884434152306, 24.568562573111144 ], [ 120.853890714181446, 24.563145247080449 ] ] ] } },
{ "type": "Feature", "properties": { "Id": 0, "ExtX": 235600, "ExtY": 2717700, "FRAME7": "2944529", "圖號": "22944529" }, "geometry": { "type": "Polygon", "coordinates": [ [ [ 120.86178849486285, 24.563152697085876 ], [ 120.853890714181446, 24.563145247080449 ], [ 120.853884434152306, 24.568562573111144 ], [ 120.861782554291224, 24.568570024972622 ], [ 120.86178849486285, 24.563152697085876 ] ] ] } },
{ "type": "Feature", "properties": { "Id": 0, "ExtX": 236400, "ExtY": 2717700, "FRAME7": "2954529", "圖號": "22954529" }, "geometry": { "type": "Polygon", "coordinates": [ [ [ 120.869686278636223, 24.563159733205737 ], [ 120.86178849486285, 24.563152697085876 ], [ 120.861782554291224, 24.568570024972622 ], [ 120.869680677522723, 24.568577062845424 ], [ 120.869686278636223, 24.563159733205737 ] ] ] } },
{ "type": "Feature", "properties": { "Id": 0, "ExtX": 237200, "ExtY": 2717700, "FRAME7": "2964529", "圖號": "22964529" }, "geometry": { "type": "Polygon", "coordinates": [ [ [ 120.877584065324925, 24.563166355439414 ], [ 120.869686278636223, 24.563159733205737 ], [ 120.869680677522723, 24.568577062845424 ], [ 120.87757880367009, 24.568583686728925 ], [ 120.877584065324925, 24.563166355439414 ] ] ] } },
{ "type": "Feature", "properties": { "Id": 0, "ExtX": 238000, "ExtY": 2717700, "FRAME7": "2974529", "圖號": "22974529" }, "geometry": { "type": "Polygon", "coordinates": [ [ [ 120.885481854752271, 24.563172563786321 ], [ 120.877584065324925, 24.563166355439414 ], [ 120.87757880367009, 24.568583686728925 ], [ 120.885476932556614, 24.568589896622537 ], [ 120.885481854752271, 24.563172563786321 ] ] ] } },
{ "type": "Feature", "properties": { "Id": 0, "ExtX": 229200, "ExtY": 2718300, "FRAME7": "2864530", "圖號": "22864530" }, "geometry": { "type": "Polygon", "coordinates": [ [ [ 120.79859769461639, 24.56849881845779 ], [ 120.790699605579917, 24.568488054713672 ], [ 120.790690607281391, 24.573905358286552 ], [ 120.798589035868929, 24.573916124711833 ], [ 120.79859769461639, 24.56849881845779 ] ] ] } },
{ "type": "Feature", "properties": { "Id": 0, "ExtX": 230000, "ExtY": 2718300, "FRAME7": "2874530", "圖號": "22874530" }, "geometry": { "type": "Polygon", "coordinates": [ [ [ 120.806495788159182, 24.568509168219514 ], [ 120.79859769461639, 24.56849881845779 ], [ 120.798589035868929, 24.573916124711833 ], [ 120.806487468963624, 24.573926477051607 ], [ 120.806495788159182, 24.568509168219514 ] ] ] } },
{ "type": "Feature", "properties": { "Id": 0, "ExtX": 230800, "ExtY": 2718300, "FRAME7": "2884530", "圖號": "22884530" }, "geometry": { "type": "Polygon", "coordinates": [ [ [ 120.814393886031553, 24.568519103997939 ], [ 120.806495788159182, 24.568509168219514 ], [ 120.806487468963624, 24.573926477051607 ], [ 120.814385906388722, 24.573936415304967 ], [ 120.814393886031553, 24.568519103997939 ] ] ] } },
{ "type": "Feature", "properties": { "Id": 0, "ExtX": 231600, "ExtY": 2718300, "FRAME7": "2894530", "圖號": "22894530" }, "geometry": { "type": "Polygon", "coordinates": [ [ [ 120.822291988056804, 24.56852862579219 ], [ 120.814393886031553, 24.568519103997939 ], [ 120.814385906388722, 24.573936415304967 ], [ 120.822284347967482, 24.573945939471027 ], [ 120.822291988056804, 24.56852862579219 ] ] ] } },
{ "type": "Feature", "properties": { "Id": 0, "ExtX": 232400, "ExtY": 2718300, "FRAME7": "2904530", "圖號": "22904530" }, "geometry": { "type": "Polygon", "coordinates": [ [ [ 120.830190094058239, 24.568537733601428 ], [ 120.822291988056804, 24.56852862579219 ], [ 120.822284347967482, 24.573945939471027 ], [ 120.83018279352315, 24.573955049548942 ], [ 120.830190094058239, 24.568537733601428 ] ] ] } },
{ "type": "Feature", "properties": { "Id": 0, "ExtX": 233200, "ExtY": 2718300, "FRAME7": "2914530", "圖號": "22914530" }, "geometry": { "type": "Polygon", "coordinates": [ [ [ 120.838088203859087, 24.568546427424831 ], [ 120.830190094058239, 24.568537733601428 ], [ 120.83018279352315, 24.573955049548942 ], [ 120.838081242878999, 24.57396374553792 ], [ 120.838088203859087, 24.568546427424831 ] ] ] } },
{ "type": "Feature", "properties": { "Id": 0, "ExtX": 234000, "ExtY": 2718300, "FRAME7": "2924530", "圖號": "22924530" }, "geometry": { "type": "Polygon", "coordinates": [ [ [ 120.845986317282694, 24.568554707261651 ], [ 120.838088203859087, 24.568546427424831 ], [ 120.838081242878999, 24.57396374553792 ], [ 120.845979695858261, 24.57397202743719 ], [ 120.845986317282694, 24.568554707261651 ] ] ] } },
{ "type": "Feature", "properties": { "Id": 0, "ExtX": 234800, "ExtY": 2718300, "FRAME7": "2934530", "圖號": "22934530" }, "geometry": { "type": "Polygon", "coordinates": [ [ [ 120.853884434152306, 24.568562573111144 ], [ 120.845986317282694, 24.568554707261651 ], [ 120.845979695858261, 24.57397202743719 ], [ 120.853878152284167, 24.573979895246008 ], [ 120.853884434152306, 24.568562573111144 ] ] ] } },
{ "type": "Feature", "properties": { "Id": 0, "ExtX": 235600, "ExtY": 2718300, "FRAME7": "2944530", "圖號": "22944530" }, "geometry": { "type": "Polygon", "coordinates": [ [ [ 120.861782554291224, 24.568570024972622 ], [ 120.853884434152306, 24.568562573111144 ], [ 120.853878152284167, 24.573979895246008 ], [ 120.861776611980034, 24.573987348963687 ], [ 120.861782554291224, 24.568570024972622 ] ] ] } },
{ "type": "Feature", "properties": { "Id": 0, "ExtX": 236400, "ExtY": 2718300, "FRAME7": "2954530", "圖號": "22954530" }, "geometry": { "type": "Polygon", "coordinates": [ [ [ 120.869680677522723, 24.568577062845424 ], [ 120.861782554291224, 24.568570024972622 ], [ 120.861776611980034, 24.573987348963687 ], [ 120.869675074769034, 24.573994388589576 ], [ 120.869680677522723, 24.568577062845424 ] ] ] } },
{ "type": "Feature", "properties": { "Id": 0, "ExtX": 237200, "ExtY": 2718300, "FRAME7": "2964530", "圖號": "22964530" }, "geometry": { "type": "Polygon", "coordinates": [ [ [ 120.87757880367009, 24.568583686728925 ], [ 120.869680677522723, 24.568577062845424 ], [ 120.869675074769034, 24.573994388589576 ], [ 120.877573540474486, 24.574001014123034 ], [ 120.87757880367009, 24.568583686728925 ] ] ] } },
{ "type": "Feature", "properties": { "Id": 0, "ExtX": 238000, "ExtY": 2718300, "FRAME7": "2974530", "圖號": "22974530" }, "geometry": { "type": "Polygon", "coordinates": [ [ [ 120.885476932556614, 24.568589896622537 ], [ 120.87757880367009, 24.568583686728925 ], [ 120.877573540474486, 24.574001014123034 ], [ 120.885472008919592, 24.574007225563491 ], [ 120.885476932556614, 24.568589896622537 ] ] ] } },
{ "type": "Feature", "properties": { "Id": 0, "ExtX": 229200, "ExtY": 2718900, "FRAME7": "2864531", "圖號": "22864531" }, "geometry": { "type": "Polygon", "coordinates": [ [ [ 120.798589035868929, 24.573916124711833 ], [ 120.790690607281391, 24.573905358286552 ], [ 120.790681606348187, 24.579322657961409 ], [ 120.798580374586194, 24.579333427068079 ], [ 120.798589035868929, 24.573916124711833 ] ] ] } },
{ "type": "Feature", "properties": { "Id": 0, "ExtX": 230000, "ExtY": 2718900, "FRAME7": "2874531", "圖號": "22874531" }, "geometry": { "type": "Polygon", "coordinates": [ [ [ 120.806487468963624, 24.573926477051607 ], [ 120.798589035868929, 24.573916124711833 ], [ 120.798580374586194, 24.579333427068079 ], [ 120.806479147332183, 24.579343781986118 ], [ 120.806487468963624, 24.573926477051607 ] ] ] } },
{ "type": "Feature", "properties": { "Id": 0, "ExtX": 230800, "ExtY": 2718900, "FRAME7": "2884531", "圖號": "22884531" }, "geometry": { "type": "Polygon", "coordinates": [ [ [ 120.814385906388722, 24.573936415304967 ], [ 120.806487468963624, 24.573926477051607 ], [ 120.806479147332183, 24.579343781986118 ], [ 120.814377924409442, 24.579353722714611 ], [ 120.814385906388722, 24.573936415304967 ] ] ] } },
{ "type": "Feature", "properties": { "Id": 0, "ExtX": 231600, "ExtY": 2718900, "FRAME7": "2894531", "圖號": "22894531" }, "geometry": { "type": "Polygon", "coordinates": [ [ [ 120.822284347967482, 24.573945939471027 ], [ 120.814385906388722, 24.573936415304967 ], [ 120.814377924409442, 24.579353722714611 ], [ 120.82227670564113, 24.57936324925268 ], [ 120.822284347967482, 24.573945939471027 ] ] ] } },
{ "type": "Feature", "properties": { "Id": 0, "ExtX": 232400, "ExtY": 2718900, "FRAME7": "2904531", "圖號": "22904531" }, "geometry": { "type": "Polygon", "coordinates": [ [ [ 120.83018279352315, 24.573955049548942 ], [ 120.822284347967482, 24.573945939471027 ], [ 120.82227670564113, 24.57936324925268 ], [ 120.830175490850465, 24.579372361599475 ], [ 120.83018279352315, 24.573955049548942 ] ] ] } },
{ "type": "Feature", "properties": { "Id": 0, "ExtX": 233200, "ExtY": 2718900, "FRAME7": "2914531", "圖號": "22914531" }, "geometry": { "type": "Polygon", "coordinates": [ [ [ 120.838081242878999, 24.57396374553792 ], [ 120.83018279352315, 24.573955049548942 ], [ 120.830175490850465, 24.579372361599475 ], [ 120.838074279860706, 24.579381059754205 ], [ 120.838081242878999, 24.57396374553792 ] ] ] } },
{ "type": "Feature", "properties": { "Id": 0, "ExtX": 234000, "ExtY": 2718900, "FRAME7": "2924531", "圖號": "22924531" }, "geometry": { "type": "Polygon", "coordinates": [ [ [ 120.845979695858261, 24.57397202743719 ], [ 120.838081242878999, 24.57396374553792 ], [ 120.838074279860706, 24.579381059754205 ], [ 120.84597307249507, 24.579389343716084 ], [ 120.845979695858261, 24.57397202743719 ] ] ] } },
{ "type": "Feature", "properties": { "Id": 0, "ExtX": 234800, "ExtY": 2718900, "FRAME7": "2934531", "圖號": "22934531" }, "geometry": { "type": "Polygon", "coordinates": [ [ [ 120.853878152284167, 24.573979895246008 ], [ 120.845979695858261, 24.57397202743719 ], [ 120.84597307249507, 24.579389343716084 ], [ 120.853871868576718, 24.579397213484395 ], [ 120.853878152284167, 24.573979895246008 ] ] ] } },
{ "type": "Feature", "properties": { "Id": 0, "ExtX": 235600, "ExtY": 2718900, "FRAME7": "2944531", "圖號": "22944531" }, "geometry": { "type": "Polygon", "coordinates": [ [ [ 120.861776611980034, 24.573987348963687 ], [ 120.853878152284167, 24.573979895246008 ], [ 120.853871868576718, 24.579397213484395 ], [ 120.861770667928909, 24.579404669058441 ], [ 120.861776611980034, 24.573987348963687 ] ] ] } },
{ "type": "Feature", "properties": { "Id": 0, "ExtX": 236400, "ExtY": 2718900, "FRAME7": "2954531", "圖號": "22954531" }, "geometry": { "type": "Polygon", "coordinates": [ [ [ 120.869675074769034, 24.573994388589576 ], [ 120.861776611980034, 24.573987348963687 ], [ 120.861770667928909, 24.579404669058441 ], [ 120.869669470374873, 24.579411710437551 ], [ 120.869675074769034, 24.573994388589576 ] ] ] } },
{ "type": "Feature", "properties": { "Id": 0, "ExtX": 237200, "ExtY": 2718900, "FRAME7": "2964531", "圖號": "22964531" }, "geometry": { "type": "Polygon", "coordinates": [ [ [ 120.877573540474486, 24.574001014123034 ], [ 120.869675074769034, 24.573994388589576 ], [ 120.869669470374873, 24.579411710437551 ], [ 120.877568275737801, 24.579418337621114 ], [ 120.877573540474486, 24.574001014123034 ] ] ] } },
{ "type": "Feature", "properties": { "Id": 0, "ExtX": 238000, "ExtY": 2718900, "FRAME7": "2974531", "圖號": "22974531" }, "geometry": { "type": "Polygon", "coordinates": [ [ [ 120.885472008919592, 24.574007225563491 ], [ 120.877573540474486, 24.574001014123034 ], [ 120.877568275737801, 24.579418337621114 ], [ 120.885467083840922, 24.579424550608543 ], [ 120.885472008919592, 24.574007225563491 ] ] ] } },
{ "type": "Feature", "properties": { "Id": 0, "ExtX": 229200, "ExtY": 2719500, "FRAME7": "2864532", "圖號": "22864532" }, "geometry": { "type": "Polygon", "coordinates": [ [ [ 120.798580374586194, 24.579333427068079 ], [ 120.790681606348187, 24.579322657961409 ], [ 120.790672602779765, 24.584739953737603 ], [ 120.798571710767675, 24.584750725525897 ], [ 120.798580374586194, 24.579333427068079 ] ] ] } },
{ "type": "Feature", "properties": { "Id": 0, "ExtX": 230000, "ExtY": 2719500, "FRAME7": "2874532", "圖號": "22874532" }, "geometry": { "type": "Polygon", "coordinates": [ [ [ 120.806479147332183, 24.579343781986118 ], [ 120.798580374586194, 24.579333427068079 ], [ 120.798571710767675, 24.584750725525897 ], [ 120.806470823264448, 24.584761083022414 ], [ 120.806479147332183, 24.579343781986118 ] ] ] } },
{ "type": "Feature", "properties": { "Id": 0, "ExtX": 230800, "ExtY": 2719500, "FRAME7": "2884532", "圖號": "22884532" }, "geometry": { "type": "Polygon", "coordinates": [ [ [ 120.814377924409442, 24.579353722714611 ], [ 120.806479147332183, 24.579343781986118 ], [ 120.806470823264448, 24.584761083022414 ], [ 120.814369940093286, 24.58477102622625 ], [ 120.814377924409442, 24.579353722714611 ] ] ] } },
{ "type": "Feature", "properties": { "Id": 0, "ExtX": 231600, "ExtY": 2719500, "FRAME7": "2894532", "圖號": "22894532" }, "geometry": { "type": "Polygon", "coordinates": [ [ [ 120.82227670564113, 24.57936324925268 ], [ 120.814377924409442, 24.579353722714611 ], [ 120.814369940093286, 24.58477102622625 ], [ 120.822269061077321, 24.584780555136518 ], [ 120.82227670564113, 24.57936324925268 ] ] ] } },
{ "type": "Feature", "properties": { "Id": 0, "ExtX": 232400, "ExtY": 2719500, "FRAME7": "2904532", "圖號": "22904532" }, "geometry": { "type": "Polygon", "coordinates": [ [ [ 120.830175490850465, 24.579372361599475 ], [ 120.82227670564113, 24.57936324925268 ], [ 120.822269061077321, 24.584780555136518 ], [ 120.830168186039799, 24.584789669752393 ], [ 120.830175490850465, 24.579372361599475 ] ] ] } },
{ "type": "Feature", "properties": { "Id": 0, "ExtX": 233200, "ExtY": 2719500, "FRAME7": "2914532", "圖號": "22914532" }, "geometry": { "type": "Polygon", "coordinates": [ [ [ 120.838074279860706, 24.579381059754205 ], [ 120.830175490850465, 24.579372361599475 ], [ 120.830168186039799, 24.584789669752393 ], [ 120.83806731480388, 24.584798370073038 ], [ 120.838074279860706, 24.579381059754205 ] ] ] } },
{ "type": "Feature", "properties": { "Id": 0, "ExtX": 234000, "ExtY": 2719500, "FRAME7": "2924532", "圖號": "22924532" }, "geometry": { "type": "Polygon", "coordinates": [ [ [ 120.84597307249507, 24.579389343716084 ], [ 120.838074279860706, 24.579381059754205 ], [ 120.83806731480388, 24.584798370073038 ], [ 120.845966447192751, 24.584806656097719 ], [ 120.84597307249507, 24.579389343716084 ] ] ] } },
{ "type": "Feature", "properties": { "Id": 0, "ExtX": 234800, "ExtY": 2719500, "FRAME7": "2934532", "圖號": "22934532" }, "geometry": { "type": "Polygon", "coordinates": [ [ [ 120.853871868576718, 24.579397213484395 ], [ 120.84597307249507, 24.579389343716084 ], [ 120.845966447192751, 24.584806656097719 ], [ 120.853865583029574, 24.584814527825682 ], [ 120.853871868576718, 24.579397213484395 ] ] ] } },
{ "type": "Feature", "properties": { "Id": 0, "ExtX": 235600, "ExtY": 2719500, "FRAME7": "2944532", "圖號": "22944532" }, "geometry": { "type": "Polygon", "coordinates": [ [ [ 120.861770667928909, 24.579404669058441 ], [ 120.853871868576718, 24.579397213484395 ], [ 120.853865583029574, 24.584814527825682 ], [ 120.861764722137579, 24.584821985256241 ], [ 120.861770667928909, 24.579404669058441 ] ] ] } },
{ "type": "Feature", "properties": { "Id": 0, "ExtX": 236400, "ExtY": 2719500, "FRAME7": "2954532", "圖號": "22954532" }, "geometry": { "type": "Polygon", "coordinates": [ [ [ 120.869669470374873, 24.579411710437551 ], [ 120.861770667928909, 24.579404669058441 ], [ 120.861764722137579, 24.584821985256241 ], [ 120.869663864339913, 24.584829028388725 ], [ 120.869669470374873, 24.579411710437551 ] ] ] } },
{ "type": "Feature", "properties": { "Id": 0, "ExtX": 237200, "ExtY": 2719500, "FRAME7": "2964532", "圖號": "22964532" }, "geometry": { "type": "Polygon", "coordinates": [ [ [ 120.877568275737801, 24.579418337621114 ], [ 120.869669470374873, 24.579411710437551 ], [ 120.869663864339913, 24.584829028388725 ], [ 120.877563009459777, 24.584835657222531 ], [ 120.877568275737801, 24.579418337621114 ] ] ] } },
{ "type": "Feature", "properties": { "Id": 0, "ExtX": 238000, "ExtY": 2719500, "FRAME7": "2974532", "圖號": "22974532" }, "geometry": { "type": "Polygon", "coordinates": [ [ [ 120.885467083840922, 24.579424550608543 ], [ 120.877568275737801, 24.579418337621114 ], [ 120.877563009459777, 24.584835657222531 ], [ 120.885462157320319, 24.584841871757057 ], [ 120.885467083840922, 24.579424550608543 ] ] ] } },
{ "type": "Feature", "properties": { "Id": 0, "ExtX": 229200, "ExtY": 2720100, "FRAME7": "2864533", "圖號": "22864533" }, "geometry": { "type": "Polygon", "coordinates": [ [ [ 120.798571710767675, 24.584750725525897 ], [ 120.790672602779765, 24.584739953737603 ], [ 120.790663596575669, 24.59015724561452 ], [ 120.798563044412944, 24.590168020084651 ], [ 120.798571710767675, 24.584750725525897 ] ] ] } },
{ "type": "Feature", "properties": { "Id": 0, "ExtX": 230000, "ExtY": 2720100, "FRAME7": "2874533", "圖號": "22874533" }, "geometry": { "type": "Polygon", "coordinates": [ [ [ 120.806470823264448, 24.584761083022414 ], [ 120.798571710767675, 24.584750725525897 ], [ 120.798563044412944, 24.590168020084651 ], [ 120.806462496759949, 24.590178380159863 ], [ 120.806470823264448, 24.584761083022414 ] ] ] } },
{ "type": "Feature", "properties": { "Id": 0, "ExtX": 230800, "ExtY": 2720100, "FRAME7": "2884533", "圖號": "22884533" }, "geometry": { "type": "Polygon", "coordinates": [ [ [ 120.814369940093286, 24.58477102622625 ], [ 120.806470823264448, 24.584761083022414 ], [ 120.806462496759949, 24.590178380159863 ], [ 120.8143619534398, 24.590188325839247 ], [ 120.814369940093286, 24.58477102622625 ] ] ] } },
{ "type": "Feature", "properties": { "Id": 0, "ExtX": 231600, "ExtY": 2720100, "FRAME7": "2894533", "圖號": "22894533" }, "geometry": { "type": "Polygon", "coordinates": [ [ [ 120.822269061077321, 24.584780555136518 ], [ 120.814369940093286, 24.58477102622625 ], [ 120.8143619534398, 24.590188325839247 ], [ 120.822261414275673, 24.590197857121922 ], [ 120.822269061077321, 24.584780555136518 ] ] ] } },
{ "type": "Feature", "properties": { "Id": 0, "ExtX": 232400, "ExtY": 2720100, "FRAME7": "2904533", "圖號": "22904533" }, "geometry": { "type": "Polygon", "coordinates": [ [ [ 120.830168186039799, 24.584789669752393 ], [ 120.822269061077321, 24.584780555136518 ], [ 120.822261414275673, 24.590197857121922 ], [ 120.830160879090727, 24.590206974007046 ], [ 120.830168186039799, 24.584789669752393 ] ] ] } },
{ "type": "Feature", "properties": { "Id": 0, "ExtX": 233200, "ExtY": 2720100, "FRAME7": "2914533", "圖號": "22914533" }, "geometry": { "type": "Polygon", "coordinates": [ [ [ 120.83806731480388, 24.584798370073038 ], [ 120.830168186039799, 24.584789669752393 ], [ 120.830160879090727, 24.590206974007046 ], [ 120.838060347708094, 24.590215676493809 ], [ 120.83806731480388, 24.584798370073038 ] ] ] } },
{ "type": "Feature", "properties": { "Id": 0, "ExtX": 234000, "ExtY": 2720100, "FRAME7": "2924533", "圖號": "22924533" }, "geometry": { "type": "Polygon", "coordinates": [ [ [ 120.845966447192751, 24.584806656097719 ], [ 120.83806731480388, 24.584798370073038 ], [ 120.838060347708094, 24.590215676493809 ], [ 120.845959819950963, 24.590223964581455 ], [ 120.845966447192751, 24.584806656097719 ] ] ] } },
{ "type": "Feature", "properties": { "Id": 0, "ExtX": 234800, "ExtY": 2720100, "FRAME7": "2934533", "圖號": "22934533" }, "geometry": { "type": "Polygon", "coordinates": [ [ [ 120.853865583029574, 24.584814527825682 ], [ 120.845966447192751, 24.584806656097719 ], [ 120.845959819950963, 24.590223964581455 ], [ 120.853859295642408, 24.590231838269229 ], [ 120.853865583029574, 24.584814527825682 ] ] ] } },
{ "type": "Feature", "properties": { "Id": 0, "ExtX": 235600, "ExtY": 2720100, "FRAME7": "2944533", "圖號": "22944533" }, "geometry": { "type": "Polygon", "coordinates": [ [ [ 120.861764722137579, 24.584821985256241 ], [ 120.853865583029574, 24.584814527825682 ], [ 120.853859295642408, 24.590231838269229 ], [ 120.861758774605661, 24.590239297556462 ], [ 120.861764722137579, 24.584821985256241 ] ] ] } },
{ "type": "Feature", "properties": { "Id": 0, "ExtX": 236400, "ExtY": 2720100, "FRAME7": "2954533", "圖號": "22954533" }, "geometry": { "type": "Polygon", "coordinates": [ [ [ 120.869663864339913, 24.584829028388725 ], [ 120.861764722137579, 24.584821985256241 ], [ 120.861758774605661, 24.590239297556462 ], [ 120.869658256663854, 24.59024634244247 ], [ 120.869663864339913, 24.584829028388725 ] ] ] } },
{ "type": "Feature", "properties": { "Id": 0, "ExtX": 237200, "ExtY": 2720100, "FRAME7": "2964533", "圖號": "22964533" }, "geometry": { "type": "Polygon", "coordinates": [ [ [ 120.877563009459777, 24.584835657222531 ], [ 120.869663864339913, 24.584829028388725 ], [ 120.869658256663854, 24.59024634244247 ], [ 120.877557741640089, 24.590252972926642 ], [ 120.877563009459777, 24.584835657222531 ] ] ] } },
{ "type": "Feature", "properties": { "Id": 0, "ExtX": 238000, "ExtY": 2720100, "FRAME7": "2974533", "圖號": "22974533" }, "geometry": { "type": "Polygon", "coordinates": [ [ [ 120.885462157320319, 24.584841871757057 ], [ 120.877563009459777, 24.584835657222531 ], [ 120.877557741640089, 24.590252972926642 ], [ 120.88545722935757, 24.5902591890084 ], [ 120.885462157320319, 24.584841871757057 ] ] ] } },
{ "type": "Feature", "properties": { "Id": 0, "ExtX": 229200, "ExtY": 2720700, "FRAME7": "2864534", "圖號": "22864534" }, "geometry": { "type": "Polygon", "coordinates": [ [ [ 120.798563044412944, 24.590168020084651 ], [ 120.790663596575669, 24.59015724561452 ], [ 120.790654587735375, 24.59557453359151 ], [ 120.798554375521476, 24.595585310743697 ], [ 120.798563044412944, 24.590168020084651 ] ] ] } },
{ "type": "Feature", "properties": { "Id": 0, "ExtX": 230000, "ExtY": 2720700, "FRAME7": "2874534", "圖號": "22874534" }, "geometry": { "type": "Polygon", "coordinates": [ [ [ 120.806462496759949, 24.590178380159863 ], [ 120.798563044412944, 24.590168020084651 ], [ 120.798554375521476, 24.595585310743697 ], [ 120.806454167818174, 24.59559567339782 ], [ 120.806462496759949, 24.590178380159863 ] ] ] } },
{ "type": "Feature", "properties": { "Id": 0, "ExtX": 230800, "ExtY": 2720700, "FRAME7": "2884534", "圖號": "22884534" }, "geometry": { "type": "Polygon", "coordinates": [ [ [ 120.8143619534398, 24.590188325839247 ], [ 120.806462496759949, 24.590178380159863 ], [ 120.806454167818174, 24.59559567339782 ], [ 120.814353964448557, 24.595605621552959 ], [ 120.8143619534398, 24.590188325839247 ] ] ] } },
{ "type": "Feature", "properties": { "Id": 0, "ExtX": 231600, "ExtY": 2720700, "FRAME7": "2894534", "圖號": "22894534" }, "geometry": { "type": "Polygon", "coordinates": [ [ [ 120.822261414275673, 24.590197857121922 ], [ 120.8143619534398, 24.590188325839247 ], [ 120.814353964448557, 24.595605621552959 ], [ 120.822253765235729, 24.595615155208236 ], [ 120.822261414275673, 24.590197857121922 ] ] ] } },
{ "type": "Feature", "properties": { "Id": 0, "ExtX": 232400, "ExtY": 2720700, "FRAME7": "2904534", "圖號": "22904534" }, "geometry": { "type": "Polygon", "coordinates": [ [ [ 120.830160879090727, 24.590206974007046 ], [ 120.822261414275673, 24.590197857121922 ], [ 120.822253765235729, 24.595615155208236 ], [ 120.830153570002835, 24.595624274362809 ], [ 120.830160879090727, 24.590206974007046 ] ] ] } },
{ "type": "Feature", "properties": { "Id": 0, "ExtX": 233200, "ExtY": 2720700, "FRAME7": "2914534", "圖號": "22914534" }, "geometry": { "type": "Polygon", "coordinates": [ [ [ 120.838060347708094, 24.590215676493809 ], [ 120.830160879090727, 24.590206974007046 ], [ 120.830153570002835, 24.595624274362809 ], [ 120.838053378573008, 24.595632979015868 ], [ 120.838060347708094, 24.590215676493809 ] ] ] } },
{ "type": "Feature", "properties": { "Id": 0, "ExtX": 234000, "ExtY": 2720700, "FRAME7": "2924534", "圖號": "22924534" }, "geometry": { "type": "Polygon", "coordinates": [ [ [ 120.845959819950963, 24.590223964581455 ], [ 120.838060347708094, 24.590215676493809 ], [ 120.838053378573008, 24.595632979015868 ], [ 120.845953190769308, 24.595641269166645 ], [ 120.845959819950963, 24.590223964581455 ] ] ] } },
{ "type": "Feature", "properties": { "Id": 0, "ExtX": 234800, "ExtY": 2720700, "FRAME7": "2934534", "圖號": "22934534" }, "geometry": { "type": "Polygon", "coordinates": [ [ [ 120.853859295642408, 24.590231838269229 ], [ 120.845959819950963, 24.590223964581455 ], [ 120.845953190769308, 24.595641269166645 ], [ 120.85385300641488, 24.595649144814406 ], [ 120.853859295642408, 24.590231838269229 ] ] ] } },
{ "type": "Feature", "properties": { "Id": 0, "ExtX": 235600, "ExtY": 2720700, "FRAME7": "2944534", "圖號": "22944534" }, "geometry": { "type": "Polygon", "coordinates": [ [ [ 120.861758774605661, 24.590239297556462 ], [ 120.853859295642408, 24.590231838269229 ], [ 120.85385300641488, 24.595649144814406 ], [ 120.861752825332871, 24.595656605958457 ], [ 120.861758774605661, 24.590239297556462 ] ] ] } },
{ "type": "Feature", "properties": { "Id": 0, "ExtX": 236400, "ExtY": 2720700, "FRAME7": "2954534", "圖號": "22954534" }, "geometry": { "type": "Polygon", "coordinates": [ [ [ 120.869658256663854, 24.59024634244247 ], [ 120.861758774605661, 24.590239297556462 ], [ 120.861752825332871, 24.595656605958457 ], [ 120.869652647346342, 24.595663652598141 ], [ 120.869658256663854, 24.59024634244247 ] ] ] } },
{ "type": "Feature", "properties": { "Id": 0, "ExtX": 237200, "ExtY": 2720700, "FRAME7": "2964534", "圖號": "22964534" }, "geometry": { "type": "Polygon", "coordinates": [ [ [ 120.877557741640089, 24.590252972926642 ], [ 120.869658256663854, 24.59024634244247 ], [ 120.869652647346342, 24.595663652598141 ], [ 120.877552472278481, 24.595670284732829 ], [ 120.877557741640089, 24.590252972926642 ] ] ] } },
{ "type": "Feature", "properties": { "Id": 0, "ExtX": 238000, "ExtY": 2720700, "FRAME7": "2974534", "圖號": "22974534" }, "geometry": { "type": "Polygon", "coordinates": [ [ [ 120.88545722935757, 24.5902591890084 ], [ 120.877557741640089, 24.590252972926642 ], [ 120.877552472278481, 24.595670284732829 ], [ 120.885452299952334, 24.59567650236194 ], [ 120.88545722935757, 24.5902591890084 ] ] ] } },
{ "type": "Feature", "properties": { "Id": 0, "ExtX": 229200, "ExtY": 2721300, "FRAME7": "2864535", "圖號": "22864535" }, "geometry": { "type": "Polygon", "coordinates": [ [ [ 120.798554375521476, 24.595585310743697 ], [ 120.790654587735375, 24.59557453359151 ], [ 120.790645576258399, 24.600991817667936 ], [ 120.798545704092845, 24.601002597502418 ], [ 120.798554375521476, 24.595585310743697 ] ] ] } },
{ "type": "Feature", "properties": { "Id": 0, "ExtX": 230000, "ExtY": 2721300, "FRAME7": "2874535", "圖號": "22874535" }, "geometry": { "type": "Polygon", "coordinates": [ [ [ 120.806454167818174, 24.59559567339782 ], [ 120.798554375521476, 24.595585310743697 ], [ 120.798545704092845, 24.601002597502418 ], [ 120.806445836438712, 24.60101296273567 ], [ 120.806454167818174, 24.59559567339782 ] ] ] } },
{ "type": "Feature", "properties": { "Id": 0, "ExtX": 230800, "ExtY": 2721300, "FRAME7": "2884535", "圖號": "22884535" }, "geometry": { "type": "Polygon", "coordinates": [ [ [ 120.814353964448557, 24.595605621552959 ], [ 120.806454167818174, 24.59559567339782 ], [ 120.806445836438712, 24.60101296273567 ], [ 120.814345973119103, 24.601022913366773 ], [ 120.814353964448557, 24.595605621552959 ] ] ] } },
{ "type": "Feature", "properties": { "Id": 0, "ExtX": 231600, "ExtY": 2721300, "FRAME7": "2894535", "圖號": "22894535" }, "geometry": { "type": "Polygon", "coordinates": [ [ [ 120.822253765235729, 24.595615155208236 ], [ 120.814353964448557, 24.595605621552959 ], [ 120.814345973119103, 24.601022913366773 ], [ 120.822246113957078, 24.60103244939485 ], [ 120.822253765235729, 24.595615155208236 ] ] ] } },
{ "type": "Feature", "properties": { "Id": 0, "ExtX": 232400, "ExtY": 2721300, "FRAME7": "2904535", "圖號": "22904535" }, "geometry": { "type": "Polygon", "coordinates": [ [ [ 120.830153570002835, 24.595624274362809 ], [ 120.822253765235729, 24.595615155208236 ], [ 120.822246113957078, 24.60103244939485 ], [ 120.830146258775741, 24.601041570819053 ], [ 120.830153570002835, 24.595624274362809 ] ] ] } },
{ "type": "Feature", "properties": { "Id": 0, "ExtX": 233200, "ExtY": 2721300, "FRAME7": "2914535", "圖號": "22914535" }, "geometry": { "type": "Polygon", "coordinates": [ [ [ 120.838053378573008, 24.595632979015868 ], [ 120.830153570002835, 24.595624274362809 ], [ 120.830146258775741, 24.601041570819053 ], [ 120.838046407398167, 24.601050277638581 ], [ 120.838053378573008, 24.595632979015868 ] ] ] } },
{ "type": "Feature", "properties": { "Id": 0, "ExtX": 234000, "ExtY": 2721300, "FRAME7": "2924535", "圖號": "22924535" }, "geometry": { "type": "Polygon", "coordinates": [ [ [ 120.845953190769308, 24.595641269166645 ], [ 120.838053378573008, 24.595632979015868 ], [ 120.838046407398167, 24.601050277638581 ], [ 120.845946559647444, 24.601058569852675 ], [ 120.845953190769308, 24.595641269166645 ] ] ] } },
{ "type": "Feature", "properties": { "Id": 0, "ExtX": 234800, "ExtY": 2721300, "FRAME7": "2934535", "圖號": "22934535" }, "geometry": { "type": "Polygon", "coordinates": [ [ [ 120.85385300641488, 24.595649144814406 ], [ 120.845953190769308, 24.595641269166645 ], [ 120.845946559647444, 24.601058569852675 ], [ 120.85384671534662, 24.601066447460578 ], [ 120.85385300641488, 24.595649144814406 ] ] ] } },
{ "type": "Feature", "properties": { "Id": 0, "ExtX": 235600, "ExtY": 2721300, "FRAME7": "2944535", "圖號": "22944535" }, "geometry": { "type": "Polygon", "coordinates": [ [ [ 120.861752825332871, 24.595656605958457 ], [ 120.85385300641488, 24.595649144814406 ], [ 120.85384671534662, 24.601066447460578 ], [ 120.861746874318825, 24.601073910461611 ], [ 120.861752825332871, 24.595656605958457 ] ] ] } },
{ "type": "Feature", "properties": { "Id": 0, "ExtX": 236400, "ExtY": 2721300, "FRAME7": "2954535", "圖號": "22954535" }, "geometry": { "type": "Polygon", "coordinates": [ [ [ 120.869652647346342, 24.595663652598141 ], [ 120.861752825332871, 24.595656605958457 ], [ 120.861746874318825, 24.601073910461611 ], [ 120.869647036387136, 24.60108095885511 ], [ 120.869652647346342, 24.595663652598141 ] ] ] } },
{ "type": "Feature", "properties": { "Id": 0, "ExtX": 237200, "ExtY": 2721300, "FRAME7": "2964535", "圖號": "22964535" }, "geometry": { "type": "Polygon", "coordinates": [ [ [ 120.877552472278481, 24.595670284732829 ], [ 120.869652647346342, 24.595663652598141 ], [ 120.869647036387136, 24.60108095885511 ], [ 120.877547201374611, 24.601087592640447 ], [ 120.877552472278481, 24.595670284732829 ] ] ] } },
{ "type": "Feature", "properties": { "Id": 0, "ExtX": 238000, "ExtY": 2721300, "FRAME7": "2974535", "圖號": "22974535" }, "geometry": { "type": "Polygon", "coordinates": [ [ [ 120.885452299952334, 24.59567650236194 ], [ 120.877552472278481, 24.595670284732829 ], [ 120.877547201374611, 24.601087592640447 ], [ 120.885447369104355, 24.601093811817051 ], [ 120.885452299952334, 24.59567650236194 ] ] ] } },
{ "type": "Feature", "properties": { "Id": 0, "ExtX": 229200, "ExtY": 2721900, "FRAME7": "2864536", "圖號": "22864536" }, "geometry": { "type": "Polygon", "coordinates": [ [ [ 120.798545704092845, 24.601002597502418 ], [ 120.790645576258399, 24.600991817667936 ], [ 120.790636562144201, 24.606409097843176 ], [ 120.798537030126525, 24.606419880360171 ], [ 120.798545704092845, 24.601002597502418 ] ] ] } },
{ "type": "Feature", "properties": { "Id": 0, "ExtX": 230000, "ExtY": 2721900, "FRAME7": "2874536", "圖號": "22874536" }, "geometry": { "type": "Polygon", "coordinates": [ [ [ 120.806445836438712, 24.60101296273567 ], [ 120.798545704092845, 24.601002597502418 ], [ 120.798537030126525, 24.606419880360171 ], [ 120.806437502621094, 24.60643024817276 ], [ 120.806445836438712, 24.60101296273567 ] ] ] } },
{ "type": "Feature", "properties": { "Id": 0, "ExtX": 230800, "ExtY": 2721900, "FRAME7": "2884536", "圖號": "22884536" }, "geometry": { "type": "Polygon", "coordinates": [ [ [ 120.814345973119103, 24.601022913366773 ], [ 120.806445836438712, 24.60101296273567 ], [ 120.806437502621094, 24.60643024817276 ], [ 120.814337979451011, 24.606440201280037 ], [ 120.814345973119103, 24.601022913366773 ] ] ] } },
{ "type": "Feature", "properties": { "Id": 0, "ExtX": 231600, "ExtY": 2721900, "FRAME7": "2894536", "圖號": "22894536" }, "geometry": { "type": "Polygon", "coordinates": [ [ [ 120.822246113957078, 24.60103244939485 ], [ 120.814345973119103, 24.601022913366773 ], [ 120.814337979451011, 24.606440201280037 ], [ 120.822238460439323, 24.606449739681107 ], [ 120.822246113957078, 24.60103244939485 ] ] ] } },
{ "type": "Feature", "properties": { "Id": 0, "ExtX": 232400, "ExtY": 2721900, "FRAME7": "2904536", "圖號": "22904536" }, "geometry": { "type": "Polygon", "coordinates": [ [ [ 120.830146258775741, 24.601041570819053 ], [ 120.822246113957078, 24.60103244939485 ], [ 120.822238460439323, 24.606449739681107 ], [ 120.830138945409047, 24.606458863375138 ], [ 120.830146258775741, 24.601041570819053 ] ] ] } },
{ "type": "Feature", "properties": { "Id": 0, "ExtX": 233200, "ExtY": 2721900, "FRAME7": "2914536", "圖號": "22914536" }, "geometry": { "type": "Polygon", "coordinates": [ [ [ 120.838046407398167, 24.601050277638581 ], [ 120.830146258775741, 24.601041570819053 ], [ 120.830138945409047, 24.606458863375138 ], [ 120.838039434183244, 24.606467572361328 ], [ 120.838046407398167, 24.601050277638581 ] ] ] } },
{ "type": "Feature", "properties": { "Id": 0, "ExtX": 234000, "ExtY": 2721900, "FRAME7": "2924536", "圖號": "22924536" }, "geometry": { "type": "Polygon", "coordinates": [ [ [ 120.845946559647444, 24.601058569852675 ], [ 120.838046407398167, 24.601050277638581 ], [ 120.838039434183244, 24.606467572361328 ], [ 120.845939926584975, 24.606475866638895 ], [ 120.845946559647444, 24.601058569852675 ] ] ] } },
{ "type": "Feature", "properties": { "Id": 0, "ExtX": 234800, "ExtY": 2721900, "FRAME7": "2934536", "圖號": "22934536" }, "geometry": { "type": "Polygon", "coordinates": [ [ [ 120.85384671534662, 24.601066447460578 ], [ 120.845946559647444, 24.601058569852675 ], [ 120.845939926584975, 24.606475866638895 ], [ 120.853840422437315, 24.606483746207111 ], [ 120.85384671534662, 24.601066447460578 ] ] ] } },
{ "type": "Feature", "properties": { "Id": 0, "ExtX": 235600, "ExtY": 2721900, "FRAME7": "2944536", "圖號": "22944536" }, "geometry": { "type": "Polygon", "coordinates": [ [ [ 120.861746874318825, 24.601073910461611 ], [ 120.85384671534662, 24.601066447460578 ], [ 120.853840422437315, 24.606483746207111 ], [ 120.861740921563253, 24.606491211065283 ], [ 120.861746874318825, 24.601073910461611 ] ] ] } },
{ "type": "Feature", "properties": { "Id": 0, "ExtX": 236400, "ExtY": 2721900, "FRAME7": "2954536", "圖號": "22954536" }, "geometry": { "type": "Polygon", "coordinates": [ [ [ 120.869647036387136, 24.60108095885511 ], [ 120.861746874318825, 24.601073910461611 ], [ 120.861740921563253, 24.606491211065283 ], [ 120.869641423785907, 24.606498261212742 ], [ 120.869647036387136, 24.60108095885511 ] ] ] } },
{ "type": "Feature", "properties": { "Id": 0, "ExtX": 237200, "ExtY": 2721900, "FRAME7": "2964536", "圖號": "22964536" }, "geometry": { "type": "Polygon", "coordinates": [ [ [ 120.877547201374611, 24.601087592640447 ], [ 120.869647036387136, 24.60108095885511 ], [ 120.869641423785907, 24.606498261212742 ], [ 120.877541928928252, 24.606504896648872 ], [ 120.877547201374611, 24.601087592640447 ] ] ] } },
{ "type": "Feature", "properties": { "Id": 0, "ExtX": 238000, "ExtY": 2721900, "FRAME7": "2974536", "圖號": "22974536" }, "geometry": { "type": "Polygon", "coordinates": [ [ [ 120.885447369104355, 24.601093811817051 ], [ 120.877547201374611, 24.601087592640447 ], [ 120.877541928928252, 24.606504896648872 ], [ 120.88544243681342, 24.606511117373085 ], [ 120.885447369104355, 24.601093811817051 ] ] ] } },
{ "type": "Feature", "properties": { "Id": 0, "ExtX": 247600, "ExtY": 2738100, "FRAME7": "3094563", "圖號": "23094563" }, "geometry": { "type": "Polygon", "coordinates": [ [ [ 120.980226483135624, 24.747402266113827 ], [ 120.972317077012278, 24.74740101390827 ], [ 120.972315877025963, 24.752818224188225 ], [ 120.980225626002451, 24.752819476704005 ], [ 120.980226483135624, 24.747402266113827 ] ] ] } },
{ "type": "Feature", "properties": { "Id": 0, "ExtX": 248400, "ExtY": 2738100, "FRAME7": "3104563", "圖號": "23104563" }, "geometry": { "type": "Polygon", "coordinates": [ [ [ 120.988135889703543, 24.747403100917591 ], [ 120.980226483135624, 24.747402266113827 ], [ 120.980225626002451, 24.752819476704005 ], [ 120.988135375423624, 24.75282031171459 ], [ 120.988135889703543, 24.747403100917591 ] ] ] } },
{ "type": "Feature", "properties": { "Id": 0, "ExtX": 249200, "ExtY": 2738100, "FRAME7": "3114563", "圖號": "23114563" }, "geometry": { "type": "Polygon", "coordinates": [ [ [ 120.996045296538213, 24.747403518319487 ], [ 120.988135889703543, 24.747403100917591 ], [ 120.988135375423624, 24.75282031171459 ], [ 120.996045125111564, 24.752820729219895 ], [ 120.996045296538213, 24.747403518319487 ] ] ] } },
{ "type": "Feature", "properties": { "Id": 0, "ExtX": 250000, "ExtY": 2738100, "FRAME7": "3124563", "圖號": "23124563" }, "geometry": { "type": "Polygon", "coordinates": [ [ [ 121.003954703461787, 24.747403518319487 ], [ 120.996045296538213, 24.747403518319487 ], [ 120.996045125111564, 24.752820729219895 ], [ 121.00395487488845, 24.752820729219895 ], [ 121.003954703461787, 24.747403518319487 ] ] ] } },
{ "type": "Feature", "properties": { "Id": 0, "ExtX": 250800, "ExtY": 2738100, "FRAME7": "3134563", "圖號": "23134563" }, "geometry": { "type": "Polygon", "coordinates": [ [ [ 121.011864110296472, 24.747403100917591 ], [ 121.003954703461787, 24.747403518319487 ], [ 121.00395487488845, 24.752820729219895 ], [ 121.01186462457639, 24.75282031171459 ], [ 121.011864110296472, 24.747403100917591 ] ] ] } },
{ "type": "Feature", "properties": { "Id": 0, "ExtX": 251600, "ExtY": 2738100, "FRAME7": "3144563", "圖號": "23144563" }, "geometry": { "type": "Polygon", "coordinates": [ [ [ 121.019773516864376, 24.747402266113827 ], [ 121.011864110296472, 24.747403100917591 ], [ 121.01186462457639, 24.75282031171459 ], [ 121.019774373997564, 24.752819476704005 ], [ 121.019773516864376, 24.747402266113827 ] ] ] } },
{ "type": "Feature", "properties": { "Id": 0, "ExtX": 252400, "ExtY": 2738100, "FRAME7": "3154563", "圖號": "23154563" }, "geometry": { "type": "Polygon", "coordinates": [ [ [ 121.027682922987736, 24.74740101390827 ], [ 121.019773516864376, 24.747402266113827 ], [ 121.019774373997564, 24.752819476704005 ], [ 121.027684122974037, 24.752818224188225 ], [ 121.027682922987736, 24.74740101390827 ] ] ] } },
{ "type": "Feature", "properties": { "Id": 0, "ExtX": 253200, "ExtY": 2738100, "FRAME7": "3164563", "圖號": "23164563" }, "geometry": { "type": "Polygon", "coordinates": [ [ [ 121.035592328488661, 24.747399344301044 ], [ 121.027682922987736, 24.74740101390827 ], [ 121.027684122974037, 24.752818224188225 ], [ 121.035593871328018, 24.75281655416736 ], [ 121.035592328488661, 24.747399344301044 ] ] ] } },
{ "type": "Feature", "properties": { "Id": 0, "ExtX": 254000, "ExtY": 2738100, "FRAME7": "3174563", "圖號": "23174563" }, "geometry": { "type": "Polygon", "coordinates": [ [ [ 121.043501733189387, 24.747397257292278 ], [ 121.035592328488661, 24.747399344301044 ], [ 121.035593871328018, 24.75281655416736 ], [ 121.043503618881601, 24.752814466641553 ], [ 121.043501733189387, 24.747397257292278 ] ] ] } },
{ "type": "Feature", "properties": { "Id": 0, "ExtX": 254800, "ExtY": 2738100, "FRAME7": "3184563", "圖號": "23184563" }, "geometry": { "type": "Polygon", "coordinates": [ [ [ 121.051411136912023, 24.747394752882176 ], [ 121.043501733189387, 24.747397257292278 ], [ 121.043503618881601, 24.752814466641553 ], [ 121.051413365456952, 24.752811961610991 ], [ 121.051411136912023, 24.747394752882176 ] ] ] } },
{ "type": "Feature", "properties": { "Id": 0, "ExtX": 255600, "ExtY": 2738100, "FRAME7": "3194563", "圖號": "23194563" }, "geometry": { "type": "Polygon", "coordinates": [ [ [ 121.059320539478776, 24.747391831070942 ], [ 121.051411136912023, 24.747394752882176 ], [ 121.051413365456952, 24.752811961610991 ], [ 121.059323110876164, 24.752809039075899 ], [ 121.059320539478776, 24.747391831070942 ] ] ] } },
{ "type": "Feature", "properties": { "Id": 0, "ExtX": 256400, "ExtY": 2738100, "FRAME7": "3204563", "圖號": "23204563" }, "geometry": { "type": "Polygon", "coordinates": [ [ [ 121.067229940711798, 24.74738849185885 ], [ 121.059320539478776, 24.747391831070942 ], [ 121.059323110876164, 24.752809039075899 ], [ 121.067232854961418, 24.752805699036532 ], [ 121.067229940711798, 24.74738849185885 ] ] ] } },
{ "type": "Feature", "properties": { "Id": 0, "ExtX": 257200, "ExtY": 2738100, "FRAME7": "3214563", "圖號": "23214563" }, "geometry": { "type": "Polygon", "coordinates": [ [ [ 121.075139340433282, 24.747384735246175 ], [ 121.067229940711798, 24.74738849185885 ], [ 121.067232854961418, 24.752805699036532 ], [ 121.075142597534835, 24.752801941493182 ], [ 121.075139340433282, 24.747384735246175 ] ] ] } },
{ "type": "Feature", "properties": { "Id": 0, "ExtX": 247600, "ExtY": 2738700, "FRAME7": "3094564", "圖號": "23094564" }, "geometry": { "type": "Polygon", "coordinates": [ [ [ 120.980225626002451, 24.752819476704005 ], [ 120.972315877025963, 24.752818224188225 ], [ 120.972314676689493, 24.758235430552311 ], [ 120.980224768619181, 24.758236683378346 ], [ 120.980225626002451, 24.752819476704005 ] ] ] } },
{ "type": "Feature", "properties": { "Id": 0, "ExtX": 248400, "ExtY": 2738700, "FRAME7": "3104564", "圖號": "23104564" }, "geometry": { "type": "Polygon", "coordinates": [ [ [ 120.988135375423624, 24.75282031171459 ], [ 120.980225626002451, 24.752819476704005 ], [ 120.980224768619181, 24.758236683378346 ], [ 120.988134860993611, 24.758237518595759 ], [ 120.988135375423624, 24.75282031171459 ] ] ] } },
{ "type": "Feature", "properties": { "Id": 0, "ExtX": 249200, "ExtY": 2738700, "FRAME7": "3114564", "圖號": "23114564" }, "geometry": { "type": "Polygon", "coordinates": [ [ [ 120.996045125111564, 24.752820729219895 ], [ 120.988135375423624, 24.75282031171459 ], [ 120.988134860993611, 24.758237518595759 ], [ 120.996044953634879, 24.758237936204488 ], [ 120.996045125111564, 24.752820729219895 ] ] ] } },
{ "type": "Feature", "properties": { "Id": 0, "ExtX": 250000, "ExtY": 2738700, "FRAME7": "3124564", "圖號": "23124564" }, "geometry": { "type": "Polygon", "coordinates": [ [ [ 121.00395487488845, 24.752820729219895 ], [ 120.996045125111564, 24.752820729219895 ], [ 120.996044953634879, 24.758237936204488 ], [ 121.003955046365135, 24.758237936204488 ], [ 121.00395487488845, 24.752820729219895 ] ] ] } },
{ "type": "Feature", "properties": { "Id": 0, "ExtX": 250800, "ExtY": 2738700, "FRAME7": "3134564", "圖號": "23134564" }, "geometry": { "type": "Polygon", "coordinates": [ [ [ 121.01186462457639, 24.75282031171459 ], [ 121.00395487488845, 24.752820729219895 ], [ 121.003955046365135, 24.758237936204488 ], [ 121.011865139006403, 24.758237518595759 ], [ 121.01186462457639, 24.75282031171459 ] ] ] } },
{ "type": "Feature", "properties": { "Id": 0, "ExtX": 251600, "ExtY": 2738700, "FRAME7": "3144564", "圖號": "23144564" }, "geometry": { "type": "Polygon", "coordinates": [ [ [ 121.019774373997564, 24.752819476704005 ], [ 121.01186462457639, 24.75282031171459 ], [ 121.011865139006403, 24.758237518595759 ], [ 121.019775231380834, 24.758236683378346 ], [ 121.019774373997564, 24.752819476704005 ] ] ] } },
{ "type": "Feature", "properties": { "Id": 0, "ExtX": 252400, "ExtY": 2738700, "FRAME7": "3154564", "圖號": "23154564" }, "geometry": { "type": "Polygon", "coordinates": [ [ [ 121.027684122974037, 24.752818224188225 ], [ 121.019774373997564, 24.752819476704005 ], [ 121.019775231380834, 24.758236683378346 ], [ 121.027685323310521, 24.758235430552311 ], [ 121.027684122974037, 24.752818224188225 ] ] ] } },
{ "type": "Feature", "properties": { "Id": 0, "ExtX": 253200, "ExtY": 2738700, "FRAME7": "3164564", "圖號": "23164564" }, "geometry": { "type": "Polygon", "coordinates": [ [ [ 121.035593871328018, 24.75281655416736 ], [ 121.027684122974037, 24.752818224188225 ], [ 121.027685323310521, 24.758235430552311 ], [ 121.035595414617575, 24.758233760117776 ], [ 121.035593871328018, 24.75281655416736 ] ] ] } },
{ "type": "Feature", "properties": { "Id": 0, "ExtX": 254000, "ExtY": 2738700, "FRAME7": "3174564", "圖號": "23174564" }, "geometry": { "type": "Polygon", "coordinates": [ [ [ 121.043503618881601, 24.752814466641553 ], [ 121.035593871328018, 24.75281655416736 ], [ 121.035595414617575, 24.758233760117776 ], [ 121.043505505124088, 24.758231672074878 ], [ 121.043503618881601, 24.752814466641553 ] ] ] } },
{ "type": "Feature", "properties": { "Id": 0, "ExtX": 254800, "ExtY": 2738700, "FRAME7": "3184564", "圖號": "23184564" }, "geometry": { "type": "Polygon", "coordinates": [ [ [ 121.051413365456952, 24.752811961610991 ], [ 121.043503618881601, 24.752814466641553 ], [ 121.043505505124088, 24.758231672074878 ], [ 121.05141559465217, 24.758229166423817 ], [ 121.051413365456952, 24.752811961610991 ] ] ] } },
{ "type": "Feature", "properties": { "Id": 0, "ExtX": 255600, "ExtY": 2738700, "FRAME7": "3194564", "圖號": "23194564" }, "geometry": { "type": "Polygon", "coordinates": [ [ [ 121.059323110876164, 24.752809039075899 ], [ 121.051413365456952, 24.752811961610991 ], [ 121.05141559465217, 24.758229166423817 ], [ 121.059325683023914, 24.758226243164799 ], [ 121.059323110876164, 24.752809039075899 ] ] ] } },
{ "type": "Feature", "properties": { "Id": 0, "ExtX": 256400, "ExtY": 2738700, "FRAME7": "3204564", "圖號": "23204564" }, "geometry": { "type": "Polygon", "coordinates": [ [ [ 121.067232854961418, 24.752805699036532 ], [ 121.059323110876164, 24.752809039075899 ], [ 121.059325683023914, 24.758226243164799 ], [ 121.06723577006143, 24.75822290229809 ], [ 121.067232854961418, 24.752805699036532 ] ] ] } },
{ "type": "Feature", "properties": { "Id": 0, "ExtX": 257200, "ExtY": 2738700, "FRAME7": "3214564", "圖號": "23214564" }, "geometry": { "type": "Polygon", "coordinates": [ [ [ 121.075142597534835, 24.752801941493182 ], [ 121.067232854961418, 24.752805699036532 ], [ 121.06723577006143, 24.75822290229809 ], [ 121.075145855586825, 24.75821914382399 ], [ 121.075142597534835, 24.752801941493182 ] ] ] } },
{ "type": "Feature", "properties": { "Id": 0, "ExtX": 247600, "ExtY": 2739300, "FRAME7": "3094565", "圖號": "23094565" }, "geometry": { "type": "Polygon", "coordinates": [ [ [ 120.980224768619181, 24.758236683378346 ], [ 120.972314676689493, 24.758235430552311 ], [ 120.972313476002753, 24.7636526329999 ], [ 120.980223910985714, 24.763653886136211 ], [ 120.980224768619181, 24.758236683378346 ] ] ] } },
{ "type": "Feature", "properties": { "Id": 0, "ExtX": 248400, "ExtY": 2739300, "FRAME7": "3104565", "圖號": "23104565" }, "geometry": { "type": "Polygon", "coordinates": [ [ [ 120.988134860993611, 24.758237518595759 ], [ 120.980224768619181, 24.758236683378346 ], [ 120.980223910985714, 24.763653886136211 ], [ 120.988134346413503, 24.763654721560478 ], [ 120.988134860993611, 24.758237518595759 ] ] ] } },
{ "type": "Feature", "properties": { "Id": 0, "ExtX": 249200, "ExtY": 2739300, "FRAME7": "3114565", "圖號": "23114565" }, "geometry": { "type": "Polygon", "coordinates": [ [ [ 120.996044953634879, 24.758237936204488 ], [ 120.988134860993611, 24.758237518595759 ], [ 120.988134346413503, 24.763654721560478 ], [ 120.996044782108171, 24.763655139272633 ], [ 120.996044953634879, 24.758237936204488 ] ] ] } },
{ "type": "Feature", "properties": { "Id": 0, "ExtX": 250000, "ExtY": 2739300, "FRAME7": "3124565", "圖號": "23124565" }, "geometry": { "type": "Polygon", "coordinates": [ [ [ 121.003955046365135, 24.758237936204488 ], [ 120.996044953634879, 24.758237936204488 ], [ 120.996044782108171, 24.763655139272633 ], [ 121.003955217891829, 24.763655139272633 ], [ 121.003955046365135, 24.758237936204488 ] ] ] } },
{ "type": "Feature", "properties": { "Id": 0, "ExtX": 250800, "ExtY": 2739300, "FRAME7": "3134565", "圖號": "23134565" }, "geometry": { "type": "Polygon", "coordinates": [ [ [ 121.011865139006403, 24.758237518595759 ], [ 121.003955046365135, 24.758237936204488 ], [ 121.003955217891829, 24.763655139272633 ], [ 121.011865653586511, 24.763654721560478 ], [ 121.011865139006403, 24.758237518595759 ] ] ] } },
{ "type": "Feature", "properties": { "Id": 0, "ExtX": 251600, "ExtY": 2739300, "FRAME7": "3144565", "圖號": "23144565" }, "geometry": { "type": "Polygon", "coordinates": [ [ [ 121.019775231380834, 24.758236683378346 ], [ 121.011865139006403, 24.758237518595759 ], [ 121.011865653586511, 24.763654721560478 ], [ 121.0197760890143, 24.763653886136211 ], [ 121.019775231380834, 24.758236683378346 ] ] ] } },
{ "type": "Feature", "properties": { "Id": 0, "ExtX": 252400, "ExtY": 2739300, "FRAME7": "3154565", "圖號": "23154565" }, "geometry": { "type": "Polygon", "coordinates": [ [ [ 121.027685323310521, 24.758235430552311 ], [ 121.019775231380834, 24.758236683378346 ], [ 121.0197760890143, 24.763653886136211 ], [ 121.027686523997261, 24.7636526329999 ], [ 121.027685323310521, 24.758235430552311 ] ] ] } },
{ "type": "Feature", "properties": { "Id": 0, "ExtX": 253200, "ExtY": 2739300, "FRAME7": "3164565", "圖號": "23164565" }, "geometry": { "type": "Polygon", "coordinates": [ [ [ 121.035595414617575, 24.758233760117776 ], [ 121.027685323310521, 24.758235430552311 ], [ 121.027686523997261, 24.7636526329999 ], [ 121.035596958357459, 24.763650962151651 ], [ 121.035595414617575, 24.758233760117776 ] ] ] } },
{ "type": "Feature", "properties": { "Id": 0, "ExtX": 254000, "ExtY": 2739300, "FRAME7": "3174565", "圖號": "23174565" }, "geometry": { "type": "Polygon", "coordinates": [ [ [ 121.043505505124088, 24.758231672074878 ], [ 121.035595414617575, 24.758233760117776 ], [ 121.035596958357459, 24.763650962151651 ], [ 121.043507391916961, 24.763648873591631 ], [ 121.043505505124088, 24.758231672074878 ] ] ] } },
{ "type": "Feature", "properties": { "Id": 0, "ExtX": 254800, "ExtY": 2739300, "FRAME7": "3184565", "圖號": "23184565" }, "geometry": { "type": "Polygon", "coordinates": [ [ [ 121.05141559465217, 24.758229166423817 ], [ 121.043505505124088, 24.758231672074878 ], [ 121.043507391916961, 24.763648873591631 ], [ 121.051417824497847, 24.763646367320003 ], [ 121.05141559465217, 24.758229166423817 ] ] ] } },
{ "type": "Feature", "properties": { "Id": 0, "ExtX": 255600, "ExtY": 2739300, "FRAME7": "3194565", "圖號": "23194565" }, "geometry": { "type": "Polygon", "coordinates": [ [ [ 121.059325683023914, 24.758226243164799 ], [ 121.05141559465217, 24.758229166423817 ], [ 121.051417824497847, 24.763646367320003 ], [ 121.059328255922182, 24.763643443337006 ], [ 121.059325683023914, 24.758226243164799 ] ] ] } },
{ "type": "Feature", "properties": { "Id": 0, "ExtX": 256400, "ExtY": 2739300, "FRAME7": "3204565", "圖號": "23204565" }, "geometry": { "type": "Polygon", "coordinates": [ [ [ 121.06723577006143, 24.75822290229809 ], [ 121.059325683023914, 24.758226243164799 ], [ 121.059328255922182, 24.763643443337006 ], [ 121.067238686012033, 24.763640101642888 ], [ 121.06723577006143, 24.75822290229809 ] ] ] } },
{ "type": "Feature", "properties": { "Id": 0, "ExtX": 257200, "ExtY": 2739300, "FRAME7": "3214565", "圖號": "23214565" }, "geometry": { "type": "Polygon", "coordinates": [ [ [ 121.075145855586825, 24.75821914382399 ], [ 121.06723577006143, 24.75822290229809 ], [ 121.067238686012033, 24.763640101642888 ], [ 121.075149114589465, 24.763636342237952 ], [ 121.075145855586825, 24.75821914382399 ] ] ] } },
{ "type": "Feature", "properties": { "Id": 0, "ExtX": 247600, "ExtY": 2739900, "FRAME7": "3094566", "圖號": "23094566" }, "geometry": { "type": "Polygon", "coordinates": [ [ [ 120.980223910985714, 24.763653886136211 ], [ 120.972313476002753, 24.7636526329999 ], [ 120.972312274965731, 24.769069831530359 ], [ 120.980223053102023, 24.769071084976975 ], [ 120.980223910985714, 24.763653886136211 ] ] ] } },
{ "type": "Feature", "properties": { "Id": 0, "ExtX": 248400, "ExtY": 2739900, "FRAME7": "3104566", "圖號": "23104566" }, "geometry": { "type": "Polygon", "coordinates": [ [ [ 120.988134346413503, 24.763654721560478 ], [ 120.980223910985714, 24.763653886136211 ], [ 120.980223053102023, 24.769071084976975 ], [ 120.988133831683271, 24.769071920608113 ], [ 120.988134346413503, 24.763654721560478 ] ] ] } },
{ "type": "Feature", "properties": { "Id": 0, "ExtX": 249200, "ExtY": 2739900, "FRAME7": "3114566", "圖號": "23114566" }, "geometry": { "type": "Polygon", "coordinates": [ [ [ 120.996044782108171, 24.763655139272633 ], [ 120.988134346413503, 24.763654721560478 ], [ 120.988133831683271, 24.769071920608113 ], [ 120.996044610531428, 24.769072338423705 ], [ 120.996044782108171, 24.763655139272633 ] ] ] } },
{ "type": "Feature", "properties": { "Id": 0, "ExtX": 250000, "ExtY": 2739900, "FRAME7": "3124566", "圖號": "23124566" }, "geometry": { "type": "Polygon", "coordinates": [ [ [ 121.003955217891829, 24.763655139272633 ], [ 120.996044782108171, 24.763655139272633 ], [ 120.996044610531428, 24.769072338423705 ], [ 121.003955389468587, 24.769072338423705 ], [ 121.003955217891829, 24.763655139272633 ] ] ] } },
{ "type": "Feature", "properties": { "Id": 0, "ExtX": 250800, "ExtY": 2739900, "FRAME7": "3134566", "圖號": "23134566" }, "geometry": { "type": "Polygon", "coordinates": [ [ [ 121.011865653586511, 24.763654721560478 ], [ 121.003955217891829, 24.763655139272633 ], [ 121.003955389468587, 24.769072338423705 ], [ 121.011866168316743, 24.769071920608113 ], [ 121.011865653586511, 24.763654721560478 ] ] ] } },
{ "type": "Feature", "properties": { "Id": 0, "ExtX": 251600, "ExtY": 2739900, "FRAME7": "3144566", "圖號": "23144566" }, "geometry": { "type": "Polygon", "coordinates": [ [ [ 121.0197760890143, 24.763653886136211 ], [ 121.011865653586511, 24.763654721560478 ], [ 121.011866168316743, 24.769071920608113 ], [ 121.019776946897977, 24.769071084976975 ], [ 121.0197760890143, 24.763653886136211 ] ] ] } },
{ "type": "Feature", "properties": { "Id": 0, "ExtX": 252400, "ExtY": 2739900, "FRAME7": "3154566", "圖號": "23154566" }, "geometry": { "type": "Polygon", "coordinates": [ [ [ 121.027686523997261, 24.7636526329999 ], [ 121.0197760890143, 24.763653886136211 ], [ 121.019776946897977, 24.769071084976975 ], [ 121.027687725034269, 24.769069831530359 ], [ 121.027686523997261, 24.7636526329999 ] ] ] } },
{ "type": "Feature", "properties": { "Id": 0, "ExtX": 253200, "ExtY": 2739900, "FRAME7": "3164566", "圖號": "23164566" }, "geometry": { "type": "Polygon", "coordinates": [ [ [ 121.035596958357459, 24.763650962151651 ], [ 121.027686523997261, 24.7636526329999 ], [ 121.027687725034269, 24.769069831530359 ], [ 121.035598502547714, 24.769068160268379 ], [ 121.035596958357459, 24.763650962151651 ] ] ] } },
{ "type": "Feature", "properties": { "Id": 0, "ExtX": 254000, "ExtY": 2739900, "FRAME7": "3174566", "圖號": "23174566" }, "geometry": { "type": "Polygon", "coordinates": [ [ [ 121.043507391916961, 24.763648873591631 ], [ 121.035596958357459, 24.763650962151651 ], [ 121.035598502547714, 24.769068160268379 ], [ 121.043509279260292, 24.769066071191176 ], [ 121.043507391916961, 24.763648873591631 ] ] ] } },
{ "type": "Feature", "properties": { "Id": 0, "ExtX": 254800, "ExtY": 2739900, "FRAME7": "3184566", "圖號": "23184566" }, "geometry": { "type": "Polygon", "coordinates": [ [ [ 121.051417824497847, 24.763646367320003 ], [ 121.043507391916961, 24.763648873591631 ], [ 121.043509279260292, 24.769066071191176 ], [ 121.051420054994068, 24.769063564298943 ], [ 121.051417824497847, 24.763646367320003 ] ] ] } },
{ "type": "Feature", "properties": { "Id": 0, "ExtX": 255600, "ExtY": 2739900, "FRAME7": "3194566", "圖號": "23194566" }, "geometry": { "type": "Polygon", "coordinates": [ [ [ 121.059328255922182, 24.763643443337006 ], [ 121.051417824497847, 24.763646367320003 ], [ 121.051420054994068, 24.769063564298943 ], [ 121.059330829571067, 24.769060639591899 ], [ 121.059328255922182, 24.763643443337006 ] ] ] } },
{ "type": "Feature", "properties": { "Id": 0, "ExtX": 256400, "ExtY": 2739900, "FRAME7": "3204566", "圖號": "23204566" }, "geometry": { "type": "Polygon", "coordinates": [ [ [ 121.067238686012033, 24.763640101642888 ], [ 121.059328255922182, 24.763643443337006 ], [ 121.059330829571067, 24.769060639591899 ], [ 121.06724160281334, 24.769057297070301 ], [ 121.067238686012033, 24.763640101642888 ] ] ] } },
{ "type": "Feature", "properties": { "Id": 0, "ExtX": 257200, "ExtY": 2739900, "FRAME7": "3214566", "圖號": "23214566" }, "geometry": { "type": "Polygon", "coordinates": [ [ [ 121.075149114589465, 24.763636342237952 ], [ 121.067238686012033, 24.763640101642888 ], [ 121.06724160281334, 24.769057297070301 ], [ 121.075152374542895, 24.769053536734447 ], [ 121.075149114589465, 24.763636342237952 ] ] ] } },
{ "type": "Feature", "properties": { "Id": 0, "ExtX": 247600, "ExtY": 2740500, "FRAME7": "3094567", "圖號": "23094567" }, "geometry": { "type": "Polygon", "coordinates": [ [ [ 120.980223053102023, 24.769071084976975 ], [ 120.972312274965731, 24.769069831530359 ], [ 120.972311073578354, 24.774487026143067 ], [ 120.980222194968093, 24.774488279900016 ], [ 120.980223053102023, 24.769071084976975 ] ] ] } },
{ "type": "Feature", "properties": { "Id": 0, "ExtX": 248400, "ExtY": 2740500, "FRAME7": "3104567", "圖號": "23104567" }, "geometry": { "type": "Polygon", "coordinates": [ [ [ 120.988133831683271, 24.769071920608113 ], [ 120.980223053102023, 24.769071084976975 ], [ 120.980222194968093, 24.774488279900016 ], [ 120.988133316802873, 24.774489115738049 ], [ 120.988133831683271, 24.769071920608113 ] ] ] } },
{ "type": "Feature", "properties": { "Id": 0, "ExtX": 249200, "ExtY": 2740500, "FRAME7": "3114567", "圖號": "23114567" }, "geometry": { "type": "Polygon", "coordinates": [ [ [ 120.996044610531428, 24.769072338423705 ], [ 120.988133831683271, 24.769071920608113 ], [ 120.988133316802873, 24.774489115738049 ], [ 120.996044438904619, 24.774489533657075 ], [ 120.996044610531428, 24.769072338423705 ] ] ] } },
{ "type": "Feature", "properties": { "Id": 0, "ExtX": 250000, "ExtY": 2740500, "FRAME7": "3124567", "圖號": "23124567" }, "geometry": { "type": "Polygon", "coordinates": [ [ [ 121.003955389468587, 24.769072338423705 ], [ 120.996044610531428, 24.769072338423705 ], [ 120.996044438904619, 24.774489533657075 ], [ 121.003955561095381, 24.774489533657075 ], [ 121.003955389468587, 24.769072338423705 ] ] ] } },
{ "type": "Feature", "properties": { "Id": 0, "ExtX": 250800, "ExtY": 2740500, "FRAME7": "3134567", "圖號": "23134567" }, "geometry": { "type": "Polygon", "coordinates": [ [ [ 121.011866168316743, 24.769071920608113 ], [ 121.003955389468587, 24.769072338423705 ], [ 121.003955561095381, 24.774489533657075 ], [ 121.011866683197141, 24.774489115738049 ], [ 121.011866168316743, 24.769071920608113 ] ] ] } },
{ "type": "Feature", "properties": { "Id": 0, "ExtX": 251600, "ExtY": 2740500, "FRAME7": "3144567", "圖號": "23144567" }, "geometry": { "type": "Polygon", "coordinates": [ [ [ 121.019776946897977, 24.769071084976975 ], [ 121.011866168316743, 24.769071920608113 ], [ 121.011866683197141, 24.774489115738049 ], [ 121.019777805031907, 24.774488279900016 ], [ 121.019776946897977, 24.769071084976975 ] ] ] } },
{ "type": "Feature", "properties": { "Id": 0, "ExtX": 252400, "ExtY": 2740500, "FRAME7": "3154567", "圖號": "23154567" }, "geometry": { "type": "Polygon", "coordinates": [ [ [ 121.027687725034269, 24.769069831530359 ], [ 121.019776946897977, 24.769071084976975 ], [ 121.019777805031907, 24.774488279900016 ], [ 121.027688926421661, 24.774487026143067 ], [ 121.027687725034269, 24.769069831530359 ] ] ] } },
{ "type": "Feature", "properties": { "Id": 0, "ExtX": 253200, "ExtY": 2740500, "FRAME7": "3164567", "圖號": "23164567" }, "geometry": { "type": "Polygon", "coordinates": [ [ [ 121.035598502547714, 24.769068160268379 ], [ 121.027687725034269, 24.769069831530359 ], [ 121.027688926421661, 24.774487026143067 ], [ 121.035600047188424, 24.774485354467313 ], [ 121.035598502547714, 24.769068160268379 ] ] ] } },
{ "type": "Feature", "properties": { "Id": 0, "ExtX": 254000, "ExtY": 2740500, "FRAME7": "3174567", "圖號": "23174567" }, "geometry": { "type": "Polygon", "coordinates": [ [ [ 121.043509279260292, 24.769066071191176 ], [ 121.035598502547714, 24.769068160268379 ], [ 121.035600047188424, 24.774485354467313 ], [ 121.043511167154193, 24.774483264872895 ], [ 121.043509279260292, 24.769066071191176 ] ] ] } },
{ "type": "Feature", "properties": { "Id": 0, "ExtX": 254800, "ExtY": 2740500, "FRAME7": "3184567", "圖號": "23184567" }, "geometry": { "type": "Polygon", "coordinates": [ [ [ 121.051420054994068, 24.769063564298943 ], [ 121.043509279260292, 24.769066071191176 ], [ 121.043511167154193, 24.774483264872895 ], [ 121.051422286140991, 24.774480757359996 ], [ 121.051420054994068, 24.769063564298943 ] ] ] } },
{ "type": "Feature", "properties": { "Id": 0, "ExtX": 255600, "ExtY": 2740500, "FRAME7": "3194567", "圖號": "23194567" }, "geometry": { "type": "Polygon", "coordinates": [ [ [ 121.059330829571067, 24.769060639591899 ], [ 121.051420054994068, 24.769063564298943 ], [ 121.051422286140991, 24.774480757359996 ], [ 121.059333403970754, 24.774477831928845 ], [ 121.059330829571067, 24.769060639591899 ] ] ] } },
{ "type": "Feature", "properties": { "Id": 0, "ExtX": 256400, "ExtY": 2740500, "FRAME7": "3204567", "圖號": "23204567" }, "geometry": { "type": "Polygon", "coordinates": [ [ [ 121.06724160281334, 24.769057297070301 ], [ 121.059330829571067, 24.769060639591899 ], [ 121.059333403970754, 24.774477831928845 ], [ 121.06724452046555, 24.774474488579695 ], [ 121.06724160281334, 24.769057297070301 ] ] ] } },
{ "type": "Feature", "properties": { "Id": 0, "ExtX": 257200, "ExtY": 2740500, "FRAME7": "3214567", "圖號": "23214567" }, "geometry": { "type": "Polygon", "coordinates": [ [ [ 121.075152374542895, 24.769053536734447 ], [ 121.06724160281334, 24.769057297070301 ], [ 121.06724452046555, 24.774474488579695 ], [ 121.075155635447373, 24.774470727312849 ], [ 121.075152374542895, 24.769053536734447 ] ] ] } },
{ "type": "Feature", "properties": { "Id": 0, "ExtX": 247600, "ExtY": 2741100, "FRAME7": "3094568", "圖號": "23094568" }, "geometry": { "type": "Polygon", "coordinates": [ [ [ 120.980222194968093, 24.774488279900016 ], [ 120.972311073578354, 24.774487026143067 ], [ 120.972309871840523, 24.779904216837391 ], [ 120.980221336583867, 24.779905470904701 ], [ 120.980222194968093, 24.774488279900016 ] ] ] } },
{ "type": "Feature", "properties": { "Id": 0, "ExtX": 248400, "ExtY": 2741100, "FRAME7": "3104568", "圖號": "23104568" }, "geometry": { "type": "Polygon", "coordinates": [ [ [ 120.988133316802873, 24.774489115738049 ], [ 120.980222194968093, 24.774488279900016 ], [ 120.980221336583867, 24.779905470904701 ], [ 120.988132801772295, 24.779906306949627 ], [ 120.988133316802873, 24.774489115738049 ] ] ] } },
{ "type": "Feature", "properties": { "Id": 0, "ExtX": 249200, "ExtY": 2741100, "FRAME7": "3114568", "圖號": "23114568" }, "geometry": { "type": "Polygon", "coordinates": [ [ [ 120.996044438904619, 24.774489533657075 ], [ 120.988133316802873, 24.774489115738049 ], [ 120.988132801772295, 24.779906306949627 ], [ 120.996044267227745, 24.779906724972115 ], [ 120.996044438904619, 24.774489533657075 ] ] ] } },
{ "type": "Feature", "properties": { "Id": 0, "ExtX": 250000, "ExtY": 2741100, "FRAME7": "3124568", "圖號": "23124568" }, "geometry": { "type": "Polygon", "coordinates": [ [ [ 121.003955561095381, 24.774489533657075 ], [ 120.996044438904619, 24.774489533657075 ], [ 120.996044267227745, 24.779906724972115 ], [ 121.003955732772269, 24.779906724972115 ], [ 121.003955561095381, 24.774489533657075 ] ] ] } },
{ "type": "Feature", "properties": { "Id": 0, "ExtX": 250800, "ExtY": 2741100, "FRAME7": "3134568", "圖號": "23134568" }, "geometry": { "type": "Polygon", "coordinates": [ [ [ 121.011866683197141, 24.774489115738049 ], [ 121.003955561095381, 24.774489533657075 ], [ 121.003955732772269, 24.779906724972115 ], [ 121.011867198227719, 24.779906306949627 ], [ 121.011866683197141, 24.774489115738049 ] ] ] } },
{ "type": "Feature", "properties": { "Id": 0, "ExtX": 251600, "ExtY": 2741100, "FRAME7": "3144568", "圖號": "23144568" }, "geometry": { "type": "Polygon", "coordinates": [ [ [ 121.019777805031907, 24.774488279900016 ], [ 121.011866683197141, 24.774489115738049 ], [ 121.011867198227719, 24.779906306949627 ], [ 121.019778663416147, 24.779905470904701 ], [ 121.019777805031907, 24.774488279900016 ] ] ] } },
{ "type": "Feature", "properties": { "Id": 0, "ExtX": 252400, "ExtY": 2741100, "FRAME7": "3154568", "圖號": "23154568" }, "geometry": { "type": "Polygon", "coordinates": [ [ [ 121.027688926421661, 24.774487026143067 ], [ 121.019777805031907, 24.774488279900016 ], [ 121.019778663416147, 24.779905470904701 ], [ 121.027690128159492, 24.779904216837391 ], [ 121.027688926421661, 24.774487026143067 ] ] ] } },
{ "type": "Feature", "properties": { "Id": 0, "ExtX": 253200, "ExtY": 2741100, "FRAME7": "3164568", "圖號": "23164568" }, "geometry": { "type": "Polygon", "coordinates": [ [ [ 121.035600047188424, 24.774485354467313 ], [ 121.027688926421661, 24.774487026143067 ], [ 121.027690128159492, 24.779904216837391 ], [ 121.035601592279718, 24.779902544747827 ], [ 121.035600047188424, 24.774485354467313 ] ] ] } },
{ "type": "Feature", "properties": { "Id": 0, "ExtX": 254000, "ExtY": 2741100, "FRAME7": "3174568", "圖號": "23174568" }, "geometry": { "type": "Polygon", "coordinates": [ [ [ 121.043511167154193, 24.774483264872895 ], [ 121.035600047188424, 24.774485354467313 ], [ 121.035601592279718, 24.779902544747827 ], [ 121.043513055598822, 24.779900454636142 ], [ 121.043511167154193, 24.774483264872895 ] ] ] } },
{ "type": "Feature", "properties": { "Id": 0, "ExtX": 254800, "ExtY": 2741100, "FRAME7": "3184568", "圖號": "23184568" }, "geometry": { "type": "Polygon", "coordinates": [ [ [ 121.051422286140991, 24.774480757359996 ], [ 121.043511167154193, 24.774483264872895 ], [ 121.043513055598822, 24.779900454636142 ], [ 121.051424517938713, 24.779897946502533 ], [ 121.051422286140991, 24.774480757359996 ] ] ] } },
{ "type": "Feature", "properties": { "Id": 0, "ExtX": 255600, "ExtY": 2741100, "FRAME7": "3194568", "圖號": "23194568" }, "geometry": { "type": "Polygon", "coordinates": [ [ [ 121.059333403970754, 24.774477831928845 ], [ 121.051422286140991, 24.774480757359996 ], [ 121.051424517938713, 24.779897946502533 ], [ 121.059335979121386, 24.779895020347215 ], [ 121.059333403970754, 24.774477831928845 ] ] ] } },
{ "type": "Feature", "properties": { "Id": 0, "ExtX": 256400, "ExtY": 2741100, "FRAME7": "3204568", "圖號": "23204568" }, "geometry": { "type": "Polygon", "coordinates": [ [ [ 121.06724452046555, 24.774474488579695 ], [ 121.059333403970754, 24.774477831928845 ], [ 121.059335979121386, 24.779895020347215 ], [ 121.067247438968835, 24.779891676170447 ], [ 121.06724452046555, 24.774474488579695 ] ] ] } },
{ "type": "Feature", "properties": { "Id": 0, "ExtX": 257200, "ExtY": 2741100, "FRAME7": "3214568", "圖號": "23214568" }, "geometry": { "type": "Polygon", "coordinates": [ [ [ 121.075155635447373, 24.774470727312849 ], [ 121.06724452046555, 24.774474488579695 ], [ 121.067247438968835, 24.779891676170447 ], [ 121.075158897302984, 24.779887913972534 ], [ 121.075155635447373, 24.774470727312849 ] ] ] } },
{ "type": "Feature", "properties": { "Id": 0, "ExtX": 247600, "ExtY": 2741700, "FRAME7": "3094569", "圖號": "23094569" }, "geometry": { "type": "Polygon", "coordinates": [ [ [ 120.980221336583867, 24.779905470904701 ], [ 120.972309871840523, 24.779904216837391 ], [ 120.972308669752167, 24.785321403612713 ], [ 120.980220477949246, 24.785322657990399 ], [ 120.980221336583867, 24.779905470904701 ] ] ] } },
{ "type": "Feature", "properties": { "Id": 0, "ExtX": 248400, "ExtY": 2741700, "FRAME7": "3104569", "圖號": "23104569" }, "geometry": { "type": "Polygon", "coordinates": [ [ [ 120.988132801772295, 24.779906306949627 ], [ 120.980221336583867, 24.779905470904701 ], [ 120.980220477949246, 24.785322657990399 ], [ 120.98813228659148, 24.785323494242256 ], [ 120.988132801772295, 24.779906306949627 ] ] ] } },
{ "type": "Feature", "properties": { "Id": 0, "ExtX": 249200, "ExtY": 2741700, "FRAME7": "3114569", "圖號": "23114569" }, "geometry": { "type": "Polygon", "coordinates": [ [ [ 120.996044267227745, 24.779906724972115 ], [ 120.988132801772295, 24.779906306949627 ], [ 120.98813228659148, 24.785323494242256 ], [ 120.996044095500821, 24.785323912368195 ], [ 120.996044267227745, 24.779906724972115 ] ] ] } },
{ "type": "Feature", "properties": { "Id": 0, "ExtX": 250000, "ExtY": 2741700, "FRAME7": "3124569", "圖號": "23124569" }, "geometry": { "type": "Polygon", "coordinates": [ [ [ 121.003955732772269, 24.779906724972115 ], [ 120.996044267227745, 24.779906724972115 ], [ 120.996044095500821, 24.785323912368195 ], [ 121.003955904499193, 24.785323912368195 ], [ 121.003955732772269, 24.779906724972115 ] ] ] } },
{ "type": "Feature", "properties": { "Id": 0, "ExtX": 250800, "ExtY": 2741700, "FRAME7": "3134569", "圖號": "23134569" }, "geometry": { "type": "Polygon", "coordinates": [ [ [ 121.011867198227719, 24.779906306949627 ], [ 121.003955732772269, 24.779906724972115 ], [ 121.003955904499193, 24.785323912368195 ], [ 121.01186771340852, 24.785323494242256 ], [ 121.011867198227719, 24.779906306949627 ] ] ] } },
{ "type": "Feature", "properties": { "Id": 0, "ExtX": 251600, "ExtY": 2741700, "FRAME7": "3144569", "圖號": "23144569" }, "geometry": { "type": "Polygon", "coordinates": [ [ [ 121.019778663416147, 24.779905470904701 ], [ 121.011867198227719, 24.779906306949627 ], [ 121.01186771340852, 24.785323494242256 ], [ 121.019779522050769, 24.785322657990399 ], [ 121.019778663416147, 24.779905470904701 ] ] ] } },
{ "type": "Feature", "properties": { "Id": 0, "ExtX": 252400, "ExtY": 2741700, "FRAME7": "3154569", "圖號": "23154569" }, "geometry": { "type": "Polygon", "coordinates": [ [ [ 121.027690128159492, 24.779904216837391 ], [ 121.019778663416147, 24.779905470904701 ], [ 121.019779522050769, 24.785322657990399 ], [ 121.027691330247833, 24.785321403612713 ], [ 121.027690128159492, 24.779904216837391 ] ] ] } },
{ "type": "Feature", "properties": { "Id": 0, "ExtX": 253200, "ExtY": 2741700, "FRAME7": "3164569", "圖號": "23164569" }, "geometry": { "type": "Polygon", "coordinates": [ [ [ 121.035601592279718, 24.779902544747827 ], [ 121.027690128159492, 24.779904216837391 ], [ 121.027691330247833, 24.785321403612713 ], [ 121.035603137821667, 24.785319731109293 ], [ 121.035601592279718, 24.779902544747827 ] ] ] } },
{ "type": "Feature", "properties": { "Id": 0, "ExtX": 254000, "ExtY": 2741700, "FRAME7": "3174569", "圖號": "23174569" }, "geometry": { "type": "Polygon", "coordinates": [ [ [ 121.043513055598822, 24.779900454636142 ], [ 121.035601592279718, 24.779902544747827 ], [ 121.035603137821667, 24.785319731109293 ], [ 121.043514944594179, 24.785317640480311 ], [ 121.043513055598822, 24.779900454636142 ] ] ] } },
{ "type": "Feature", "properties": { "Id": 0, "ExtX": 254800, "ExtY": 2741700, "FRAME7": "3184569", "圖號": "23184569" }, "geometry": { "type": "Polygon", "coordinates": [ [ [ 121.051424517938713, 24.779897946502533 ], [ 121.043513055598822, 24.779900454636142 ], [ 121.043514944594179, 24.785317640480311 ], [ 121.051426750387364, 24.78531513172593 ], [ 121.051424517938713, 24.779897946502533 ] ] ] } },
{ "type": "Feature", "properties": { "Id": 0, "ExtX": 255600, "ExtY": 2741700, "FRAME7": "3194569", "圖號": "23194569" }, "geometry": { "type": "Polygon", "coordinates": [ [ [ 121.059335979121386, 24.779895020347215 ], [ 121.051424517938713, 24.779897946502533 ], [ 121.051426750387364, 24.78531513172593 ], [ 121.059338555023103, 24.785312204846385 ], [ 121.059335979121386, 24.779895020347215 ] ] ] } },
{ "type": "Feature", "properties": { "Id": 0, "ExtX": 256400, "ExtY": 2741700, "FRAME7": "3204569", "圖號": "23204569" }, "geometry": { "type": "Polygon", "coordinates": [ [ [ 121.067247438968835, 24.779891676170447 ], [ 121.059335979121386, 24.779895020347215 ], [ 121.059338555023103, 24.785312204846385 ], [ 121.067250358323321, 24.78530885984193 ], [ 121.067247438968835, 24.779891676170447 ] ] ] } },
{ "type": "Feature", "properties": { "Id": 0, "ExtX": 257200, "ExtY": 2741700, "FRAME7": "3214569", "圖號": "23214569" }, "geometry": { "type": "Polygon", "coordinates": [ [ [ 121.075158897302984, 24.779887913972534 ], [ 121.067247438968835, 24.779891676170447 ], [ 121.067250358323321, 24.78530885984193 ], [ 121.075162160109997, 24.785305096712857 ], [ 121.075158897302984, 24.779887913972534 ] ] ] } },
{ "type": "Feature", "properties": { "Id": 0, "ExtX": 247600, "ExtY": 2742300, "FRAME7": "3094570", "圖號": "23094570" }, "geometry": { "type": "Polygon", "coordinates": [ [ [ 120.980220477949246, 24.785322657990399 ], [ 120.972308669752167, 24.785321403612713 ], [ 120.972307467313271, 24.790738586468386 ], [ 120.980219619064243, 24.790739841156487 ], [ 120.980220477949246, 24.785322657990399 ] ] ] } },
{ "type": "Feature", "properties": { "Id": 0, "ExtX": 248400, "ExtY": 2742300, "FRAME7": "3104570", "圖號": "23104570" }, "geometry": { "type": "Polygon", "coordinates": [ [ [ 120.98813228659148, 24.785323494242256 ], [ 120.980220477949246, 24.785322657990399 ], [ 120.980219619064243, 24.790739841156487 ], [ 120.988131771260441, 24.790740677615279 ], [ 120.98813228659148, 24.785323494242256 ] ] ] } },
{ "type": "Feature", "properties": { "Id": 0, "ExtX": 249200, "ExtY": 2742300, "FRAME7": "3114570", "圖號": "23114570" }, "geometry": { "type": "Polygon", "coordinates": [ [ [ 120.996044095500821, 24.785323912368195 ], [ 120.98813228659148, 24.785323494242256 ], [ 120.988131771260441, 24.790740677615279 ], [ 120.996043923723803, 24.790741095844698 ], [ 120.996044095500821, 24.785323912368195 ] ] ] } },
{ "type": "Feature", "properties": { "Id": 0, "ExtX": 250000, "ExtY": 2742300, "FRAME7": "3124570", "圖號": "23124570" }, "geometry": { "type": "Polygon", "coordinates": [ [ [ 121.003955904499193, 24.785323912368195 ], [ 120.996044095500821, 24.785323912368195 ], [ 120.996043923723803, 24.790741095844698 ], [ 121.003956076276211, 24.790741095844698 ], [ 121.003955904499193, 24.785323912368195 ] ] ] } },
{ "type": "Feature", "properties": { "Id": 0, "ExtX": 250800, "ExtY": 2742300, "FRAME7": "3134570", "圖號": "23134570" }, "geometry": { "type": "Polygon", "coordinates": [ [ [ 121.01186771340852, 24.785323494242256 ], [ 121.003955904499193, 24.785323912368195 ], [ 121.003956076276211, 24.790741095844698 ], [ 121.011868228739573, 24.790740677615279 ], [ 121.01186771340852, 24.785323494242256 ] ] ] } },
{ "type": "Feature", "properties": { "Id": 0, "ExtX": 251600, "ExtY": 2742300, "FRAME7": "3144570", "圖號": "23144570" }, "geometry": { "type": "Polygon", "coordinates": [ [ [ 121.019779522050769, 24.785322657990399 ], [ 121.01186771340852, 24.785323494242256 ], [ 121.011868228739573, 24.790740677615279 ], [ 121.019780380935771, 24.790739841156487 ], [ 121.019779522050769, 24.785322657990399 ] ] ] } },
{ "type": "Feature", "properties": { "Id": 0, "ExtX": 252400, "ExtY": 2742300, "FRAME7": "3154570", "圖號": "23154570" }, "geometry": { "type": "Polygon", "coordinates": [ [ [ 121.027691330247833, 24.785321403612713 ], [ 121.019779522050769, 24.785322657990399 ], [ 121.019780380935771, 24.790739841156487 ], [ 121.027692532686743, 24.790738586468386 ], [ 121.027691330247833, 24.785321403612713 ] ] ] } },
{ "type": "Feature", "properties": { "Id": 0, "ExtX": 253200, "ExtY": 2742300, "FRAME7": "3164570", "圖號": "23164570" }, "geometry": { "type": "Polygon", "coordinates": [ [ [ 121.035603137821667, 24.785319731109293 ], [ 121.027691330247833, 24.785321403612713 ], [ 121.027692532686743, 24.790738586468386 ], [ 121.035604683814313, 24.790736913551093 ], [ 121.035603137821667, 24.785319731109293 ] ] ] } },
{ "type": "Feature", "properties": { "Id": 0, "ExtX": 254000, "ExtY": 2742300, "FRAME7": "3174570", "圖號": "23174570" }, "geometry": { "type": "Polygon", "coordinates": [ [ [ 121.043514944594179, 24.785317640480311 ], [ 121.035603137821667, 24.785319731109293 ], [ 121.035604683814313, 24.790736913551093 ], [ 121.043516834140476, 24.790734822404758 ], [ 121.043514944594179, 24.785317640480311 ] ] ] } },
{ "type": "Feature", "properties": { "Id": 0, "ExtX": 254800, "ExtY": 2742300, "FRAME7": "3184570", "圖號": "23184570" }, "geometry": { "type": "Polygon", "coordinates": [ [ [ 121.051426750387364, 24.78531513172593 ], [ 121.043514944594179, 24.785317640480311 ], [ 121.043516834140476, 24.790734822404758 ], [ 121.051428983487071, 24.790732313029562 ], [ 121.051426750387364, 24.78531513172593 ] ] ] } },
{ "type": "Feature", "properties": { "Id": 0, "ExtX": 255600, "ExtY": 2742300, "FRAME7": "3194570", "圖號": "23194570" }, "geometry": { "type": "Polygon", "coordinates": [ [ [ 121.059338555023103, 24.785312204846385 ], [ 121.051426750387364, 24.78531513172593 ], [ 121.051428983487071, 24.790732313029562 ], [ 121.059341131676021, 24.790729385425728 ], [ 121.059338555023103, 24.785312204846385 ] ] ] } },
{ "type": "Feature", "properties": { "Id": 0, "ExtX": 256400, "ExtY": 2742300, "FRAME7": "3204570", "圖號": "23204570" }, "geometry": { "type": "Polygon", "coordinates": [ [ [ 121.067250358323321, 24.78530885984193 ], [ 121.059338555023103, 24.785312204846385 ], [ 121.059341131676021, 24.790729385425728 ], [ 121.067253278529193, 24.790726039593512 ], [ 121.067250358323321, 24.78530885984193 ] ] ] } },
{ "type": "Feature", "properties": { "Id": 0, "ExtX": 257200, "ExtY": 2742300, "FRAME7": "3214570", "圖號": "23214570" }, "geometry": { "type": "Polygon", "coordinates": [ [ [ 121.075162160109997, 24.785305096712857 ], [ 121.067250358323321, 24.78530885984193 ], [ 121.067253278529193, 24.790726039593512 ], [ 121.075165423868512, 24.79072227553322 ], [ 121.075162160109997, 24.785305096712857 ] ] ] } },
{ "type": "Feature", "properties": { "Id": 0, "ExtX": 247600, "ExtY": 2742900, "FRAME7": "3094571", "圖號": "23094571" }, "geometry": { "type": "Polygon", "coordinates": [ [ [ 120.980219619064243, 24.790739841156487 ], [ 120.972307467313271, 24.790738586468386 ], [ 120.972306264523752, 24.7961557654038 ], [ 120.980218759928761, 24.796157020402337 ], [ 120.980219619064243, 24.790739841156487 ] ] ] } },
{ "type": "Feature", "properties": { "Id": 0, "ExtX": 248400, "ExtY": 2742900, "FRAME7": "3104571", "圖號": "23104571" }, "geometry": { "type": "Polygon", "coordinates": [ [ [ 120.988131771260441, 24.790740677615279 ], [ 120.980219619064243, 24.790739841156487 ], [ 120.980218759928761, 24.796157020402337 ], [ 120.988131255779138, 24.796157857068092 ], [ 120.988131771260441, 24.790740677615279 ] ] ] } },
{ "type": "Feature", "properties": { "Id": 0, "ExtX": 249200, "ExtY": 2742900, "FRAME7": "3114571", "圖號": "23114571" }, "geometry": { "type": "Polygon", "coordinates": [ [ [ 120.996043923723803, 24.790741095844698 ], [ 120.988131771260441, 24.790740677615279 ], [ 120.988131255779138, 24.796157857068092 ], [ 120.996043751896693, 24.796158275400987 ], [ 120.996043923723803, 24.790741095844698 ] ] ] } },
{ "type": "Feature", "properties": { "Id": 0, "ExtX": 250000, "ExtY": 2742900, "FRAME7": "3124571", "圖號": "23124571" }, "geometry": { "type": "Polygon", "coordinates": [ [ [ 121.003956076276211, 24.790741095844698 ], [ 120.996043923723803, 24.790741095844698 ], [ 120.996043751896693, 24.796158275400987 ], [ 121.003956248103307, 24.796158275400987 ], [ 121.003956076276211, 24.790741095844698 ] ] ] } },
{ "type": "Feature", "properties": { "Id": 0, "ExtX": 250800, "ExtY": 2742900, "FRAME7": "3134571", "圖號": "23134571" }, "geometry": { "type": "Polygon", "coordinates": [ [ [ 121.011868228739573, 24.790740677615279 ], [ 121.003956076276211, 24.790741095844698 ], [ 121.003956248103307, 24.796158275400987 ], [ 121.011868744220877, 24.796157857068092 ], [ 121.011868228739573, 24.790740677615279 ] ] ] } },
{ "type": "Feature", "properties": { "Id": 0, "ExtX": 251600, "ExtY": 2742900, "FRAME7": "3144571", "圖號": "23144571" }, "geometry": { "type": "Polygon", "coordinates": [ [ [ 121.019780380935771, 24.790739841156487 ], [ 121.011868228739573, 24.790740677615279 ], [ 121.011868744220877, 24.796157857068092 ], [ 121.019781240071254, 24.796157020402337 ], [ 121.019780380935771, 24.790739841156487 ] ] ] } },
{ "type": "Feature", "properties": { "Id": 0, "ExtX": 252400, "ExtY": 2742900, "FRAME7": "3154571", "圖號": "23154571" }, "geometry": { "type": "Polygon", "coordinates": [ [ [ 121.027692532686743, 24.790738586468386 ], [ 121.019780380935771, 24.790739841156487 ], [ 121.019781240071254, 24.796157020402337 ], [ 121.027693735476262, 24.7961557654038 ], [ 121.027692532686743, 24.790738586468386 ] ] ] } },
{ "type": "Feature", "properties": { "Id": 0, "ExtX": 253200, "ExtY": 2742900, "FRAME7": "3164571", "圖號": "23164571" }, "geometry": { "type": "Polygon", "coordinates": [ [ [ 121.035604683814313, 24.790736913551093 ], [ 121.027692532686743, 24.790738586468386 ], [ 121.027693735476262, 24.7961557654038 ], [ 121.035606230257812, 24.796154092072598 ], [ 121.035604683814313, 24.790736913551093 ] ] ] } },
{ "type": "Feature", "properties": { "Id": 0, "ExtX": 254000, "ExtY": 2742900, "FRAME7": "3174571", "圖號": "23174571" }, "geometry": { "type": "Polygon", "coordinates": [ [ [ 121.043516834140476, 24.790734822404758 ], [ 121.035604683814313, 24.790736913551093 ], [ 121.035606230257812, 24.796154092072598 ], [ 121.043518724237771, 24.79615200040887 ], [ 121.043516834140476, 24.790734822404758 ] ] ] } },
{ "type": "Feature", "properties": { "Id": 0, "ExtX": 254800, "ExtY": 2742900, "FRAME7": "3184571", "圖號": "23184571" }, "geometry": { "type": "Polygon", "coordinates": [ [ [ 121.051428983487071, 24.790732313029562 ], [ 121.043516834140476, 24.790734822404758 ], [ 121.043518724237771, 24.79615200040887 ], [ 121.051431217237976, 24.796149490412798 ], [ 121.051428983487071, 24.790732313029562 ] ] ] } },
{ "type": "Feature", "properties": { "Id": 0, "ExtX": 255600, "ExtY": 2742900, "FRAME7": "3194571", "圖號": "23194571" }, "geometry": { "type": "Polygon", "coordinates": [ [ [ 121.059341131676021, 24.790729385425728 ], [ 121.051428983487071, 24.790732313029562 ], [ 121.051431217237976, 24.796149490412798 ], [ 121.059343709080295, 24.796146562084608 ], [ 121.059341131676021, 24.790729385425728 ] ] ] } },
{ "type": "Feature", "properties": { "Id": 0, "ExtX": 256400, "ExtY": 2742900, "FRAME7": "3204571", "圖號": "23204571" }, "geometry": { "type": "Polygon", "coordinates": [ [ [ 121.067253278529193, 24.790726039593512 ], [ 121.059341131676021, 24.790729385425728 ], [ 121.059343709080295, 24.796146562084608 ], [ 121.067256199586609, 24.796143215424571 ], [ 121.067253278529193, 24.790726039593512 ] ] ] } },
{ "type": "Feature", "properties": { "Id": 0, "ExtX": 257200, "ExtY": 2742900, "FRAME7": "3214571", "圖號": "23214571" }, "geometry": { "type": "Polygon", "coordinates": [ [ [ 121.075165423868512, 24.79072227553322 ], [ 121.067253278529193, 24.790726039593512 ], [ 121.067256199586609, 24.796143215424571 ], [ 121.075168688578799, 24.796139450432968 ], [ 121.075165423868512, 24.79072227553322 ] ] ] } },
{ "type": "Feature", "properties": { "Id": 0, "ExtX": 247600, "ExtY": 2743500, "FRAME7": "3094572", "圖號": "23094572" }, "geometry": { "type": "Polygon", "coordinates": [ [ [ 120.980218759928761, 24.796157020402337 ], [ 120.972306264523752, 24.7961557654038 ], [ 120.972305061383494, 24.801572940418328 ], [ 120.980217900542783, 24.801574195727319 ], [ 120.980218759928761, 24.796157020402337 ] ] ] } },
{ "type": "Feature", "properties": { "Id": 0, "ExtX": 248400, "ExtY": 2743500, "FRAME7": "3104572", "圖號": "23104572" }, "geometry": { "type": "Polygon", "coordinates": [ [ [ 120.988131255779138, 24.796157857068092 ], [ 120.980218759928761, 24.796157020402337 ], [ 120.980217900542783, 24.801574195727319 ], [ 120.988130740147511, 24.801575032600052 ], [ 120.988131255779138, 24.796157857068092 ] ] ] } },
{ "type": "Feature", "properties": { "Id": 0, "ExtX": 249200, "ExtY": 2743500, "FRAME7": "3114572", "圖號": "23114572" }, "geometry": { "type": "Polygon", "coordinates": [ [ [ 120.996043751896693, 24.796158275400987 ], [ 120.988131255779138, 24.796157857068092 ], [ 120.988130740147511, 24.801575032600052 ], [ 120.996043580019474, 24.801575451036427 ], [ 120.996043751896693, 24.796158275400987 ] ] ] } },
{ "type": "Feature", "properties": { "Id": 0, "ExtX": 250000, "ExtY": 2743500, "FRAME7": "3124572", "圖號": "23124572" }, "geometry": { "type": "Polygon", "coordinates": [ [ [ 121.003956248103307, 24.796158275400987 ], [ 120.996043751896693, 24.796158275400987 ], [ 120.996043580019474, 24.801575451036427 ], [ 121.00395641998054, 24.801575451036427 ], [ 121.003956248103307, 24.796158275400987 ] ] ] } },
{ "type": "Feature", "properties": { "Id": 0, "ExtX": 250800, "ExtY": 2743500, "FRAME7": "3134572", "圖號": "23134572" }, "geometry": { "type": "Polygon", "coordinates": [ [ [ 121.011868744220877, 24.796157857068092 ], [ 121.003956248103307, 24.796158275400987 ], [ 121.00395641998054, 24.801575451036427 ], [ 121.011869259852503, 24.801575032600052 ], [ 121.011868744220877, 24.796157857068092 ] ] ] } },
{ "type": "Feature", "properties": { "Id": 0, "ExtX": 251600, "ExtY": 2743500, "FRAME7": "3144572", "圖號": "23144572" }, "geometry": { "type": "Polygon", "coordinates": [ [ [ 121.019781240071254, 24.796157020402337 ], [ 121.011868744220877, 24.796157857068092 ], [ 121.011869259852503, 24.801575032600052 ], [ 121.019782099457231, 24.801574195727319 ], [ 121.019781240071254, 24.796157020402337 ] ] ] } },
{ "type": "Feature", "properties": { "Id": 0, "ExtX": 252400, "ExtY": 2743500, "FRAME7": "3154572", "圖號": "23154572" }, "geometry": { "type": "Polygon", "coordinates": [ [ [ 121.027693735476262, 24.7961557654038 ], [ 121.019781240071254, 24.796157020402337 ], [ 121.019782099457231, 24.801574195727319 ], [ 121.02769493861652, 24.801572940418328 ], [ 121.027693735476262, 24.7961557654038 ] ] ] } },
{ "type": "Feature", "properties": { "Id": 0, "ExtX": 253200, "ExtY": 2743500, "FRAME7": "3164572", "圖號": "23164572" }, "geometry": { "type": "Polygon", "coordinates": [ [ [ 121.035606230257812, 24.796154092072598 ], [ 121.027693735476262, 24.7961557654038 ], [ 121.02769493861652, 24.801572940418328 ], [ 121.035607777152208, 24.801571266673172 ], [ 121.035606230257812, 24.796154092072598 ] ] ] } },
{ "type": "Feature", "properties": { "Id": 0, "ExtX": 254000, "ExtY": 2743500, "FRAME7": "3174572", "圖號": "23174572" }, "geometry": { "type": "Polygon", "coordinates": [ [ [ 121.043518724237771, 24.79615200040887 ], [ 121.035606230257812, 24.796154092072598 ], [ 121.035607777152208, 24.801571266673172 ], [ 121.043520614886162, 24.801569174492002 ], [ 121.043518724237771, 24.79615200040887 ] ] ] } },
{ "type": "Feature", "properties": { "Id": 0, "ExtX": 254800, "ExtY": 2743500, "FRAME7": "3184572", "圖號": "23184572" }, "geometry": { "type": "Polygon", "coordinates": [ [ [ 121.051431217237976, 24.796149490412798 ], [ 121.043518724237771, 24.79615200040887 ], [ 121.043520614886162, 24.801569174492002 ], [ 121.051433451640165, 24.801566663875004 ], [ 121.051431217237976, 24.796149490412798 ] ] ] } },
{ "type": "Feature", "properties": { "Id": 0, "ExtX": 255600, "ExtY": 2743500, "FRAME7": "3194572", "圖號": "23194572" }, "geometry": { "type": "Polygon", "coordinates": [ [ [ 121.059343709080295, 24.796146562084608 ], [ 121.051431217237976, 24.796149490412798 ], [ 121.051433451640165, 24.801566663875004 ], [ 121.059346287236082, 24.801563734822416 ], [ 121.059343709080295, 24.796146562084608 ] ] ] } },
{ "type": "Feature", "properties": { "Id": 0, "ExtX": 256400, "ExtY": 2743500, "FRAME7": "3204572", "圖號": "23204572" }, "geometry": { "type": "Polygon", "coordinates": [ [ [ 121.067256199586609, 24.796143215424571 ], [ 121.059343709080295, 24.796146562084608 ], [ 121.059346287236082, 24.801563734822416 ], [ 121.067259121495738, 24.801560387334469 ], [ 121.067256199586609, 24.796143215424571 ] ] ] } },
{ "type": "Feature", "properties": { "Id": 0, "ExtX": 257200, "ExtY": 2743500, "FRAME7": "3214572", "圖號": "23214572" }, "geometry": { "type": "Polygon", "coordinates": [ [ [ 121.075168688578799, 24.796139450432968 ], [ 121.067256199586609, 24.796143215424571 ], [ 121.067259121495738, 24.801560387334469 ], [ 121.075171954240972, 24.801556621411482 ], [ 121.075168688578799, 24.796139450432968 ] ] ] } },
{ "type": "Feature", "properties": { "Id": 0, "ExtX": 247600, "ExtY": 2744100, "FRAME7": "3094573", "圖號": "23094573" }, "geometry": { "type": "Polygon", "coordinates": [ [ [ 120.980217900542783, 24.801574195727319 ], [ 120.972305061383494, 24.801572940418328 ], [ 120.972303857892499, 24.806990111511329 ], [ 120.980217040906282, 24.806991367130813 ], [ 120.980217900542783, 24.801574195727319 ] ] ] } },
{ "type": "Feature", "properties": { "Id": 0, "ExtX": 248400, "ExtY": 2744100, "FRAME7": "3104573", "圖號": "23104573" }, "geometry": { "type": "Polygon", "coordinates": [ [ [ 120.988130740147511, 24.801575032600052 ], [ 120.980217900542783, 24.801574195727319 ], [ 120.980217040906282, 24.806991367130813 ], [ 120.988130224365548, 24.806992204210534 ], [ 120.988130740147511, 24.801575032600052 ] ] ] } },
{ "type": "Feature", "properties": { "Id": 0, "ExtX": 249200, "ExtY": 2744100, "FRAME7": "3114573", "圖號": "23114573" }, "geometry": { "type": "Polygon", "coordinates": [ [ [ 120.996043580019474, 24.801575451036427 ], [ 120.988130740147511, 24.801575032600052 ], [ 120.988130224365548, 24.806992204210534 ], [ 120.996043408092163, 24.806992622750411 ], [ 120.996043580019474, 24.801575451036427 ] ] ] } },
{ "type": "Feature", "properties": { "Id": 0, "ExtX": 250000, "ExtY": 2744100, "FRAME7": "3124573", "圖號": "23124573" }, "geometry": { "type": "Polygon", "coordinates": [ [ [ 121.00395641998054, 24.801575451036427 ], [ 120.996043580019474, 24.801575451036427 ], [ 120.996043408092163, 24.806992622750411 ], [ 121.003956591907837, 24.806992622750411 ], [ 121.00395641998054, 24.801575451036427 ] ] ] } },
{ "type": "Feature", "properties": { "Id": 0, "ExtX": 250800, "ExtY": 2744100, "FRAME7": "3134573", "圖號": "23134573" }, "geometry": { "type": "Polygon", "coordinates": [ [ [ 121.011869259852503, 24.801575032600052 ], [ 121.00395641998054, 24.801575451036427 ], [ 121.003956591907837, 24.806992622750411 ], [ 121.011869775634452, 24.806992204210534 ], [ 121.011869259852503, 24.801575032600052 ] ] ] } },
{ "type": "Feature", "properties": { "Id": 0, "ExtX": 251600, "ExtY": 2744100, "FRAME7": "3144573", "圖號": "23144573" }, "geometry": { "type": "Polygon", "coordinates": [ [ [ 121.019782099457231, 24.801574195727319 ], [ 121.011869259852503, 24.801575032600052 ], [ 121.011869775634452, 24.806992204210534 ], [ 121.019782959093732, 24.806991367130813 ], [ 121.019782099457231, 24.801574195727319 ] ] ] } },
{ "type": "Feature", "properties": { "Id": 0, "ExtX": 252400, "ExtY": 2744100, "FRAME7": "3154573", "圖號": "23154573" }, "geometry": { "type": "Polygon", "coordinates": [ [ [ 121.02769493861652, 24.801572940418328 ], [ 121.019782099457231, 24.801574195727319 ], [ 121.019782959093732, 24.806991367130813 ], [ 121.027696142107516, 24.806990111511329 ], [ 121.02769493861652, 24.801572940418328 ] ] ] } },
{ "type": "Feature", "properties": { "Id": 0, "ExtX": 253200, "ExtY": 2744100, "FRAME7": "3164573", "圖號": "23164573" }, "geometry": { "type": "Polygon", "coordinates": [ [ [ 121.035607777152208, 24.801571266673172 ], [ 121.02769493861652, 24.801572940418328 ], [ 121.027696142107516, 24.806990111511329 ], [ 121.035609324497585, 24.806988437352185 ], [ 121.035607777152208, 24.801571266673172 ] ] ] } },
{ "type": "Feature", "properties": { "Id": 0, "ExtX": 254000, "ExtY": 2744100, "FRAME7": "3174573", "圖號": "23174573" }, "geometry": { "type": "Polygon", "coordinates": [ [ [ 121.043520614886162, 24.801569174492002 ], [ 121.035607777152208, 24.801571266673172 ], [ 121.035609324497585, 24.806988437352185 ], [ 121.04352250608575, 24.806986344653541 ], [ 121.043520614886162, 24.801569174492002 ] ] ] } },
{ "type": "Feature", "properties": { "Id": 0, "ExtX": 254800, "ExtY": 2744100, "FRAME7": "3184573", "圖號": "23184573" }, "geometry": { "type": "Polygon", "coordinates": [ [ [ 121.051433451640165, 24.801566663875004 ], [ 121.043520614886162, 24.801569174492002 ], [ 121.04352250608575, 24.806986344653541 ], [ 121.051435686693793, 24.806983833415568 ], [ 121.051433451640165, 24.801566663875004 ] ] ] } },
{ "type": "Feature", "properties": { "Id": 0, "ExtX": 255600, "ExtY": 2744100, "FRAME7": "3194573", "圖號": "23194573" }, "geometry": { "type": "Polygon", "coordinates": [ [ [ 121.059346287236082, 24.801563734822416 ], [ 121.051433451640165, 24.801566663875004 ], [ 121.051435686693793, 24.806983833415568 ], [ 121.059348866143523, 24.806980903638497 ], [ 121.059346287236082, 24.801563734822416 ] ] ] } },
{ "type": "Feature", "properties": { "Id": 0, "ExtX": 256400, "ExtY": 2744100, "FRAME7": "3204573", "圖號": "23204573" }, "geometry": { "type": "Polygon", "coordinates": [ [ [ 121.067259121495738, 24.801560387334469 ], [ 121.059346287236082, 24.801563734822416 ], [ 121.059348866143523, 24.806980903638497 ], [ 121.067262044256751, 24.80697755532259 ], [ 121.067259121495738, 24.801560387334469 ] ] ] } },
{ "type": "Feature", "properties": { "Id": 0, "ExtX": 257200, "ExtY": 2744100, "FRAME7": "3214573", "圖號": "23214573" }, "geometry": { "type": "Polygon", "coordinates": [ [ [ 121.075171954240972, 24.801556621411482 ], [ 121.067259121495738, 24.801560387334469 ], [ 121.067262044256751, 24.80697755532259 ], [ 121.075175220855229, 24.806973788468135 ], [ 121.075171954240972, 24.801556621411482 ] ] ] } },
{ "type": "Feature", "properties": { "Id": 0, "ExtX": 247600, "ExtY": 2744700, "FRAME7": "3094574", "圖號": "23094574" }, "geometry": { "type": "Polygon", "coordinates": [ [ [ 120.980217040906282, 24.806991367130813 ], [ 120.972303857892499, 24.806990111511329 ], [ 120.972302654050637, 24.812407278682187 ], [ 120.980216181019159, 24.812408534612182 ], [ 120.980217040906282, 24.806991367130813 ] ] ] } },
{ "type": "Feature", "properties": { "Id": 0, "ExtX": 248400, "ExtY": 2744700, "FRAME7": "3104574", "圖號": "23104574" }, "geometry": { "type": "Polygon", "coordinates": [ [ [ 120.988130224365548, 24.806992204210534 ], [ 120.980217040906282, 24.806991367130813 ], [ 120.980216181019159, 24.812408534612182 ], [ 120.988129708433249, 24.812409371898916 ], [ 120.988130224365548, 24.806992204210534 ] ] ] } },
{ "type": "Feature", "properties": { "Id": 0, "ExtX": 249200, "ExtY": 2744700, "FRAME7": "3114574", "圖號": "23114574" }, "geometry": { "type": "Polygon", "coordinates": [ [ [ 120.996043408092163, 24.806992622750411 ], [ 120.988130224365548, 24.806992204210534 ], [ 120.988129708433249, 24.812409371898916 ], [ 120.996043236114716, 24.812409790542301 ], [ 120.996043408092163, 24.806992622750411 ] ] ] } },
{ "type": "Feature", "properties": { "Id": 0, "ExtX": 250000, "ExtY": 2744700, "FRAME7": "3124574", "圖號": "23124574" }, "geometry": { "type": "Polygon", "coordinates": [ [ [ 121.003956591907837, 24.806992622750411 ], [ 120.996043408092163, 24.806992622750411 ], [ 120.996043236114716, 24.812409790542301 ], [ 121.003956763885299, 24.812409790542301 ], [ 121.003956591907837, 24.806992622750411 ] ] ] } },
{ "type": "Feature", "properties": { "Id": 0, "ExtX": 250800, "ExtY": 2744700, "FRAME7": "3134574", "圖號": "23134574" }, "geometry": { "type": "Polygon", "coordinates": [ [ [ 121.011869775634452, 24.806992204210534 ], [ 121.003956591907837, 24.806992622750411 ], [ 121.003956763885299, 24.812409790542301 ], [ 121.011870291566765, 24.812409371898916 ], [ 121.011869775634452, 24.806992204210534 ] ] ] } },
{ "type": "Feature", "properties": { "Id": 0, "ExtX": 251600, "ExtY": 2744700, "FRAME7": "3144574", "圖號": "23144574" }, "geometry": { "type": "Polygon", "coordinates": [ [ [ 121.019782959093732, 24.806991367130813 ], [ 121.011869775634452, 24.806992204210534 ], [ 121.011870291566765, 24.812409371898916 ], [ 121.019783818980855, 24.812408534612182 ], [ 121.019782959093732, 24.806991367130813 ] ] ] } },
{ "type": "Feature", "properties": { "Id": 0, "ExtX": 252400, "ExtY": 2744700, "FRAME7": "3154574", "圖號": "23154574" }, "geometry": { "type": "Polygon", "coordinates": [ [ [ 121.027696142107516, 24.806990111511329 ], [ 121.019782959093732, 24.806991367130813 ], [ 121.019783818980855, 24.812408534612182 ], [ 121.027697345949377, 24.812407278682187 ], [ 121.027696142107516, 24.806990111511329 ] ] ] } },
{ "type": "Feature", "properties": { "Id": 0, "ExtX": 253200, "ExtY": 2744700, "FRAME7": "3164574", "圖號": "23164574" }, "geometry": { "type": "Polygon", "coordinates": [ [ [ 121.035609324497585, 24.806988437352185 ], [ 121.027696142107516, 24.806990111511329 ], [ 121.027697345949377, 24.812407278682187 ], [ 121.035610872294043, 24.812405604109024 ], [ 121.035609324497585, 24.806988437352185 ] ] ] } },
{ "type": "Feature", "properties": { "Id": 0, "ExtX": 254000, "ExtY": 2744700, "FRAME7": "3174574", "圖號": "23174574" }, "geometry": { "type": "Polygon", "coordinates": [ [ [ 121.04352250608575, 24.806986344653541 ], [ 121.035609324497585, 24.806988437352185 ], [ 121.035610872294043, 24.812405604109024 ], [ 121.043524397836649, 24.812403510892857 ], [ 121.04352250608575, 24.806986344653541 ] ] ] } },
{ "type": "Feature", "properties": { "Id": 0, "ExtX": 254800, "ExtY": 2744700, "FRAME7": "3184574", "圖號": "23184574" }, "geometry": { "type": "Polygon", "coordinates": [ [ [ 121.051435686693793, 24.806983833415568 ], [ 121.04352250608575, 24.806986344653541 ], [ 121.043524397836649, 24.812403510892857 ], [ 121.051437922398989, 24.812400999033855 ], [ 121.051435686693793, 24.806983833415568 ] ] ] } },
{ "type": "Feature", "properties": { "Id": 0, "ExtX": 255600, "ExtY": 2744700, "FRAME7": "3194574", "圖號": "23194574" }, "geometry": { "type": "Polygon", "coordinates": [ [ [ 121.059348866143523, 24.806980903638497 ], [ 121.051435686693793, 24.806983833415568 ], [ 121.051437922398989, 24.812400999033855 ], [ 121.059351445802761, 24.81239806853225 ], [ 121.059348866143523, 24.806980903638497 ] ] ] } },
{ "type": "Feature", "properties": { "Id": 0, "ExtX": 256400, "ExtY": 2744700, "FRAME7": "3204574", "圖號": "23204574" }, "geometry": { "type": "Polygon", "coordinates": [ [ [ 121.067262044256751, 24.80697755532259 ], [ 121.059348866143523, 24.806980903638497 ], [ 121.059351445802761, 24.81239806853225 ], [ 121.067264967869761, 24.812394719388301 ], [ 121.067262044256751, 24.80697755532259 ] ] ] } },
{ "type": "Feature", "properties": { "Id": 0, "ExtX": 257200, "ExtY": 2744700, "FRAME7": "3214574", "圖號": "23214574" }, "geometry": { "type": "Polygon", "coordinates": [ [ [ 121.075175220855229, 24.806973788468135 ], [ 121.067262044256751, 24.80697755532259 ], [ 121.067264967869761, 24.812394719388301 ], [ 121.075178488421741, 24.812390951602303 ], [ 121.075175220855229, 24.806973788468135 ] ] ] } },
{ "type": "Feature", "properties": { "Id": 0, "ExtX": 247600, "ExtY": 2745300, "FRAME7": "3094575", "圖號": "23094575" }, "geometry": { "type": "Polygon", "coordinates": [ [ [ 120.980216181019159, 24.812408534612182 ], [ 120.972302654050637, 24.812407278682187 ], [ 120.972301449857909, 24.817824441930266 ], [ 120.980215320881399, 24.817825698170807 ], [ 120.980216181019159, 24.812408534612182 ] ] ] } },
{ "type": "Feature", "properties": { "Id": 0, "ExtX": 248400, "ExtY": 2745300, "FRAME7": "3104575", "圖號": "23104575" }, "geometry": { "type": "Polygon", "coordinates": [ [ [ 120.988129708433249, 24.812409371898916 ], [ 120.980216181019159, 24.812408534612182 ], [ 120.980215320881399, 24.817825698170807 ], [ 120.98812919235057, 24.817826535664562 ], [ 120.988129708433249, 24.812409371898916 ] ] ] } },
{ "type": "Feature", "properties": { "Id": 0, "ExtX": 249200, "ExtY": 2745300, "FRAME7": "3114575", "圖號": "23114575" }, "geometry": { "type": "Polygon", "coordinates": [ [ [ 120.996043236114716, 24.812409790542301 ], [ 120.988129708433249, 24.812409371898916 ], [ 120.98812919235057, 24.817826535664562 ], [ 120.996043064087146, 24.817826954411458 ], [ 120.996043236114716, 24.812409790542301 ] ] ] } },
{ "type": "Feature", "properties": { "Id": 0, "ExtX": 250000, "ExtY": 2745300, "FRAME7": "3124575", "圖號": "23124575" }, "geometry": { "type": "Polygon", "coordinates": [ [ [ 121.003956763885299, 24.812409790542301 ], [ 120.996043236114716, 24.812409790542301 ], [ 120.996043064087146, 24.817826954411458 ], [ 121.003956935912868, 24.817826954411458 ], [ 121.003956763885299, 24.812409790542301 ] ] ] } },
{ "type": "Feature", "properties": { "Id": 0, "ExtX": 250800, "ExtY": 2745300, "FRAME7": "3134575", "圖號": "23134575" }, "geometry": { "type": "Polygon", "coordinates": [ [ [ 121.011870291566765, 24.812409371898916 ], [ 121.003956763885299, 24.812409790542301 ], [ 121.003956935912868, 24.817826954411458 ], [ 121.011870807649444, 24.817826535664562 ], [ 121.011870291566765, 24.812409371898916 ] ] ] } },
{ "type": "Feature", "properties": { "Id": 0, "ExtX": 251600, "ExtY": 2745300, "FRAME7": "3144575", "圖號": "23144575" }, "geometry": { "type": "Polygon", "coordinates": [ [ [ 121.019783818980855, 24.812408534612182 ], [ 121.011870291566765, 24.812409371898916 ], [ 121.011870807649444, 24.817826535664562 ], [ 121.019784679118615, 24.817825698170807 ], [ 121.019783818980855, 24.812408534612182 ] ] ] } },
{ "type": "Feature", "properties": { "Id": 0, "ExtX": 252400, "ExtY": 2745300, "FRAME7": "3154575", "圖號": "23154575" }, "geometry": { "type": "Polygon", "coordinates": [ [ [ 121.027697345949377, 24.812407278682187 ], [ 121.019783818980855, 24.812408534612182 ], [ 121.019784679118615, 24.817825698170807 ], [ 121.027698550142105, 24.817824441930266 ], [ 121.027697345949377, 24.812407278682187 ] ] ] } },
{ "type": "Feature", "properties": { "Id": 0, "ExtX": 253200, "ExtY": 2745300, "FRAME7": "3164575", "圖號": "23164575" }, "geometry": { "type": "Polygon", "coordinates": [ [ [ 121.035610872294043, 24.812405604109024 ], [ 121.027697345949377, 24.812407278682187 ], [ 121.027698550142105, 24.817824441930266 ], [ 121.035612420541653, 24.817822766943053 ], [ 121.035610872294043, 24.812405604109024 ] ] ] } },
{ "type": "Feature", "properties": { "Id": 0, "ExtX": 254000, "ExtY": 2745300, "FRAME7": "3174575", "圖號": "23174575" }, "geometry": { "type": "Polygon", "coordinates": [ [ [ 121.043524397836649, 24.812403510892857 ], [ 121.035610872294043, 24.812405604109024 ], [ 121.035612420541653, 24.817822766943053 ], [ 121.043526290138999, 24.817820673209308 ], [ 121.043524397836649, 24.812403510892857 ] ] ] } },
{ "type": "Feature", "properties": { "Id": 0, "ExtX": 254800, "ExtY": 2745300, "FRAME7": "3184575", "圖號": "23184575" }, "geometry": { "type": "Polygon", "coordinates": [ [ [ 121.051437922398989, 24.812400999033855 ], [ 121.043524397836649, 24.812403510892857 ], [ 121.043526290138999, 24.817820673209308 ], [ 121.051440158755824, 24.817818160729228 ], [ 121.051437922398989, 24.812400999033855 ] ] ] } },
{ "type": "Feature", "properties": { "Id": 0, "ExtX": 255600, "ExtY": 2745300, "FRAME7": "3194575", "圖號": "23194575" }, "geometry": { "type": "Polygon", "coordinates": [ [ [ 121.059351445802761, 24.81239806853225 ], [ 121.051437922398989, 24.812400999033855 ], [ 121.051440158755824, 24.817818160729228 ], [ 121.059354026213924, 24.817815229503033 ], [ 121.059351445802761, 24.81239806853225 ] ] ] } },
{ "type": "Feature", "properties": { "Id": 0, "ExtX": 256400, "ExtY": 2745300, "FRAME7": "3204575", "圖號": "23204575" }, "geometry": { "type": "Polygon", "coordinates": [ [ [ 121.067264967869761, 24.812394719388301 ], [ 121.059351445802761, 24.81239806853225 ], [ 121.059354026213924, 24.817815229503033 ], [ 121.067267892334982, 24.817811879530975 ], [ 121.067264967869761, 24.812394719388301 ] ] ] } },
{ "type": "Feature", "properties": { "Id": 0, "ExtX": 257200, "ExtY": 2745300, "FRAME7": "3214575", "圖號": "23214575" }, "geometry": { "type": "Polygon", "coordinates": [ [ [ 121.075178488421741, 24.812390951602303 ], [ 121.067264967869761, 24.812394719388301 ], [ 121.067267892334982, 24.817811879530975 ], [ 121.075181756940722, 24.817808110813356 ], [ 121.075178488421741, 24.812390951602303 ] ] ] } },
{ "type": "Feature", "properties": { "Id": 0, "ExtX": 247600, "ExtY": 2745900, "FRAME7": "3094576", "圖號": "23094576" }, "geometry": { "type": "Polygon", "coordinates": [ [ [ 120.980215320881399, 24.817825698170807 ], [ 120.972301449857909, 24.817824441930266 ], [ 120.972300245314187, 24.823241601254946 ], [ 120.980214460492931, 24.823242857806058 ], [ 120.980215320881399, 24.817825698170807 ] ] ] } },
{ "type": "Feature", "properties": { "Id": 0, "ExtX": 248400, "ExtY": 2745900, "FRAME7": "3104576", "圖號": "23104576" }, "geometry": { "type": "Polygon", "coordinates": [ [ [ 120.98812919235057, 24.817826535664562 ], [ 120.980215320881399, 24.817825698170807 ], [ 120.980214460492931, 24.823242857806058 ], [ 120.988128676117469, 24.823243695506864 ], [ 120.98812919235057, 24.817826535664562 ] ] ] } },
{ "type": "Feature", "properties": { "Id": 0, "ExtX": 249200, "ExtY": 2745900, "FRAME7": "3114576", "圖號": "23114576" }, "geometry": { "type": "Polygon", "coordinates": [ [ [ 120.996043064087146, 24.817826954411458 ], [ 120.98812919235057, 24.817826535664562 ], [ 120.988128676117469, 24.823243695506864 ], [ 120.996042892009442, 24.82324411435728 ], [ 120.996043064087146, 24.817826954411458 ] ] ] } },
{ "type": "Feature", "properties": { "Id": 0, "ExtX": 250000, "ExtY": 2745900, "FRAME7": "3124576", "圖號": "23124576" }, "geometry": { "type": "Polygon", "coordinates": [ [ [ 121.003956935912868, 24.817826954411458 ], [ 120.996043064087146, 24.817826954411458 ], [ 120.996042892009442, 24.82324411435728 ], [ 121.003957107990573, 24.82324411435728 ], [ 121.003956935912868, 24.817826954411458 ] ] ] } },
{ "type": "Feature", "properties": { "Id": 0, "ExtX": 250800, "ExtY": 2745900, "FRAME7": "3134576", "圖號": "23134576" }, "geometry": { "type": "Polygon", "coordinates": [ [ [ 121.011870807649444, 24.817826535664562 ], [ 121.003956935912868, 24.817826954411458 ], [ 121.003957107990573, 24.82324411435728 ], [ 121.011871323882545, 24.823243695506864 ], [ 121.011870807649444, 24.817826535664562 ] ] ] } },
{ "type": "Feature", "properties": { "Id": 0, "ExtX": 251600, "ExtY": 2745900, "FRAME7": "3144576", "圖號": "23144576" }, "geometry": { "type": "Polygon", "coordinates": [ [ [ 121.019784679118615, 24.817825698170807 ], [ 121.011870807649444, 24.817826535664562 ], [ 121.011871323882545, 24.823243695506864 ], [ 121.019785539507083, 24.823242857806058 ], [ 121.019784679118615, 24.817825698170807 ] ] ] } },
{ "type": "Feature", "properties": { "Id": 0, "ExtX": 252400, "ExtY": 2745900, "FRAME7": "3154576", "圖號": "23154576" }, "geometry": { "type": "Polygon", "coordinates": [ [ [ 121.027698550142105, 24.817824441930266 ], [ 121.019784679118615, 24.817825698170807 ], [ 121.019785539507083, 24.823242857806058 ], [ 121.027699754685827, 24.823241601254946 ], [ 121.027698550142105, 24.817824441930266 ] ] ] } },
{ "type": "Feature", "properties": { "Id": 0, "ExtX": 253200, "ExtY": 2745900, "FRAME7": "3164576", "圖號": "23164576" }, "geometry": { "type": "Polygon", "coordinates": [ [ [ 121.035612420541653, 24.817822766943053 ], [ 121.027698550142105, 24.817824441930266 ], [ 121.027699754685827, 24.823241601254946 ], [ 121.035613969240515, 24.823239925853649 ], [ 121.035612420541653, 24.817822766943053 ] ] ] } },
{ "type": "Feature", "properties": { "Id": 0, "ExtX": 254000, "ExtY": 2745900, "FRAME7": "3174576", "圖號": "23174576" }, "geometry": { "type": "Polygon", "coordinates": [ [ [ 121.043526290138999, 24.817820673209308 ], [ 121.035612420541653, 24.817822766943053 ], [ 121.035613969240515, 24.823239925853649 ], [ 121.043528182992844, 24.823237831602299 ], [ 121.043526290138999, 24.817820673209308 ] ] ] } },
{ "type": "Feature", "properties": { "Id": 0, "ExtX": 254800, "ExtY": 2745900, "FRAME7": "3184576", "圖號": "23184576" }, "geometry": { "type": "Polygon", "coordinates": [ [ [ 121.051440158755824, 24.817818160729228 ], [ 121.043526290138999, 24.817820673209308 ], [ 121.043528182992844, 24.823237831602299 ], [ 121.051442395764482, 24.823235318501077 ], [ 121.051440158755824, 24.817818160729228 ] ] ] } },
{ "type": "Feature", "properties": { "Id": 0, "ExtX": 255600, "ExtY": 2745900, "FRAME7": "3194576", "圖號": "23194576" }, "geometry": { "type": "Polygon", "coordinates": [ [ [ 121.059354026213924, 24.817815229503033 ], [ 121.051440158755824, 24.817818160729228 ], [ 121.051442395764482, 24.823235318501077 ], [ 121.059356607377168, 24.823232386550227 ], [ 121.059354026213924, 24.817815229503033 ] ] ] } },
{ "type": "Feature", "properties": { "Id": 0, "ExtX": 256400, "ExtY": 2745900, "FRAME7": "3204576", "圖號": "23204576" }, "geometry": { "type": "Polygon", "coordinates": [ [ [ 121.067267892334982, 24.817811879530975 ], [ 121.059354026213924, 24.817815229503033 ], [ 121.059356607377168, 24.823232386550227 ], [ 121.067270817652542, 24.823229035749989 ], [ 121.067267892334982, 24.817811879530975 ] ] ] } },
{ "type": "Feature", "properties": { "Id": 0, "ExtX": 257200, "ExtY": 2745900, "FRAME7": "3214576", "圖號": "23214576" }, "geometry": { "type": "Polygon", "coordinates": [ [ [ 121.075181756940722, 24.817808110813356 ], [ 121.067267892334982, 24.817811879530975 ], [ 121.067270817652542, 24.823229035749989 ], [ 121.075185026412342, 24.823225266100671 ], [ 121.075181756940722, 24.817808110813356 ] ] ] } },
{ "type": "Feature", "properties": { "Id": 0, "ExtX": 247600, "ExtY": 2746500, "FRAME7": "3094577", "圖號": "23094577" }, "geometry": { "type": "Polygon", "coordinates": [ [ [ 120.980214460492931, 24.823242857806058 ], [ 120.972300245314187, 24.823241601254946 ], [ 120.972299040419415, 24.828658756655607 ], [ 120.980213599853741, 24.828660013517304 ], [ 120.980214460492931, 24.823242857806058 ] ] ] } },
{ "type": "Feature", "properties": { "Id": 0, "ExtX": 248400, "ExtY": 2746500, "FRAME7": "3104577", "圖號": "23104577" }, "geometry": { "type": "Polygon", "coordinates": [ [ [ 120.988128676117469, 24.823243695506864 ], [ 120.980214460492931, 24.823242857806058 ], [ 120.980213599853741, 24.828660013517304 ], [ 120.988128159733904, 24.82866085142517 ], [ 120.988128676117469, 24.823243695506864 ] ] ] } },
{ "type": "Feature", "properties": { "Id": 0, "ExtX": 249200, "ExtY": 2746500, "FRAME7": "3114577", "圖號": "23114577" }, "geometry": { "type": "Polygon", "coordinates": [ [ [ 120.996042892009442, 24.82324411435728 ], [ 120.988128676117469, 24.823243695506864 ], [ 120.988128159733904, 24.82866085142517 ], [ 120.996042719881586, 24.828661270379122 ], [ 120.996042892009442, 24.82324411435728 ] ] ] } },
{ "type": "Feature", "properties": { "Id": 0, "ExtX": 250000, "ExtY": 2746500, "FRAME7": "3124577", "圖號": "23124577" }, "geometry": { "type": "Polygon", "coordinates": [ [ [ 121.003957107990573, 24.82324411435728 ], [ 120.996042892009442, 24.82324411435728 ], [ 120.996042719881586, 24.828661270379122 ], [ 121.003957280118428, 24.828661270379122 ], [ 121.003957107990573, 24.82324411435728 ] ] ] } },
{ "type": "Feature", "properties": { "Id": 0, "ExtX": 250800, "ExtY": 2746500, "FRAME7": "3134577", "圖號": "23134577" }, "geometry": { "type": "Polygon", "coordinates": [ [ [ 121.011871323882545, 24.823243695506864 ], [ 121.003957107990573, 24.82324411435728 ], [ 121.003957280118428, 24.828661270379122 ], [ 121.01187184026611, 24.82866085142517 ], [ 121.011871323882545, 24.823243695506864 ] ] ] } },
{ "type": "Feature", "properties": { "Id": 0, "ExtX": 251600, "ExtY": 2746500, "FRAME7": "3144577", "圖號": "23144577" }, "geometry": { "type": "Polygon", "coordinates": [ [ [ 121.019785539507083, 24.823242857806058 ], [ 121.011871323882545, 24.823243695506864 ], [ 121.01187184026611, 24.82866085142517 ], [ 121.019786400146273, 24.828660013517304 ], [ 121.019785539507083, 24.823242857806058 ] ] ] } },
{ "type": "Feature", "properties": { "Id": 0, "ExtX": 252400, "ExtY": 2746500, "FRAME7": "3154577", "圖號": "23154577" }, "geometry": { "type": "Polygon", "coordinates": [ [ [ 121.027699754685827, 24.823241601254946 ], [ 121.019785539507083, 24.823242857806058 ], [ 121.019786400146273, 24.828660013517304 ], [ 121.027700959580585, 24.828658756655607 ], [ 121.027699754685827, 24.823241601254946 ] ] ] } },
{ "type": "Feature", "properties": { "Id": 0, "ExtX": 253200, "ExtY": 2746500, "FRAME7": "3164577", "圖號": "23164577" }, "geometry": { "type": "Polygon", "coordinates": [ [ [ 121.035613969240515, 24.823239925853649 ], [ 121.027699754685827, 24.823241601254946 ], [ 121.027700959580585, 24.828658756655607 ], [ 121.035615518390713, 24.828657080840173 ], [ 121.035613969240515, 24.823239925853649 ] ] ] } },
{ "type": "Feature", "properties": { "Id": 0, "ExtX": 254000, "ExtY": 2746500, "FRAME7": "3174577", "圖號": "23174577" }, "geometry": { "type": "Polygon", "coordinates": [ [ [ 121.043528182992844, 24.823237831602299 ], [ 121.035613969240515, 24.823239925853649 ], [ 121.035615518390713, 24.828657080840173 ], [ 121.043530076398341, 24.828654986071168 ], [ 121.043528182992844, 24.823237831602299 ] ] ] } },
{ "type": "Feature", "properties": { "Id": 0, "ExtX": 254800, "ExtY": 2746500, "FRAME7": "3184577", "圖號": "23184577" }, "geometry": { "type": "Polygon", "coordinates": [ [ [ 121.051442395764482, 24.823235318501077 ], [ 121.043528182992844, 24.823237831602299 ], [ 121.043530076398341, 24.828654986071168 ], [ 121.051444633425078, 24.828652472348768 ], [ 121.051442395764482, 24.823235318501077 ] ] ] } },
{ "type": "Feature", "properties": { "Id": 0, "ExtX": 255600, "ExtY": 2746500, "FRAME7": "3194577", "圖號": "23194577" }, "geometry": { "type": "Polygon", "coordinates": [ [ [ 121.059356607377168, 24.823232386550227 ], [ 121.051442395764482, 24.823235318501077 ], [ 121.051444633425078, 24.828652472348768 ], [ 121.059359189292636, 24.828649539673194 ], [ 121.059356607377168, 24.823232386550227 ] ] ] } },
{ "type": "Feature", "properties": { "Id": 0, "ExtX": 256400, "ExtY": 2746500, "FRAME7": "3204577", "圖號": "23204577" }, "geometry": { "type": "Polygon", "coordinates": [ [ [ 121.067270817652542, 24.823229035749989 ], [ 121.059356607377168, 24.823232386550227 ], [ 121.059359189292636, 24.828649539673194 ], [ 121.067273743822639, 24.828646188044711 ], [ 121.067270817652542, 24.823229035749989 ] ] ] } },
{ "type": "Feature", "properties": { "Id": 0, "ExtX": 257200, "ExtY": 2746500, "FRAME7": "3214577", "圖號": "23214577" }, "geometry": { "type": "Polygon", "coordinates": [ [ [ 121.075185026412342, 24.823225266100671 ], [ 121.067270817652542, 24.823229035749989 ], [ 121.067273743822639, 24.828646188044711 ], [ 121.075188296836771, 24.828642417463612 ], [ 121.075185026412342, 24.823225266100671 ] ] ] } },
{ "type": "Feature", "properties": { "Id": 0, "ExtX": 247600, "ExtY": 2747100, "FRAME7": "3094578", "圖號": "23094578" }, "geometry": { "type": "Polygon", "coordinates": [ [ [ 120.980213599853741, 24.828660013517304 ], [ 120.972299040419415, 24.828658756655607 ], [ 120.972297835173563, 24.834075908131606 ], [ 120.980212738963743, 24.834077165303928 ], [ 120.980213599853741, 24.828660013517304 ] ] ] } },
{ "type": "Feature", "properties": { "Id": 0, "ExtX": 248400, "ExtY": 2747100, "FRAME7": "3104578", "圖號": "23104578" }, "geometry": { "type": "Polygon", "coordinates": [ [ [ 120.988128159733904, 24.82866085142517 ], [ 120.980213599853741, 24.828660013517304 ], [ 120.980212738963743, 24.834077165303928 ], [ 120.988127643199888, 24.834078003418863 ], [ 120.988128159733904, 24.82866085142517 ] ] ] } },
{ "type": "Feature", "properties": { "Id": 0, "ExtX": 249200, "ExtY": 2747100, "FRAME7": "3114578", "圖號": "23114578" }, "geometry": { "type": "Polygon", "coordinates": [ [ [ 120.996042719881586, 24.828661270379122 ], [ 120.988128159733904, 24.82866085142517 ], [ 120.988127643199888, 24.834078003418863 ], [ 120.996042547703581, 24.83407842247636 ], [ 120.996042719881586, 24.828661270379122 ] ] ] } },
{ "type": "Feature", "properties": { "Id": 0, "ExtX": 250000, "ExtY": 2747100, "FRAME7": "3124578", "圖號": "23124578" }, "geometry": { "type": "Polygon", "coordinates": [ [ [ 121.003957280118428, 24.828661270379122 ], [ 120.996042719881586, 24.828661270379122 ], [ 120.996042547703581, 24.83407842247636 ], [ 121.003957452296433, 24.83407842247636 ], [ 121.003957280118428, 24.828661270379122 ] ] ] } },
{ "type": "Feature", "properties": { "Id": 0, "ExtX": 250800, "ExtY": 2747100, "FRAME7": "3134578", "圖號": "23134578" }, "geometry": { "type": "Polygon", "coordinates": [ [ [ 121.01187184026611, 24.82866085142517 ], [ 121.003957280118428, 24.828661270379122 ], [ 121.003957452296433, 24.83407842247636 ], [ 121.011872356800126, 24.834078003418863 ], [ 121.01187184026611, 24.82866085142517 ] ] ] } },
{ "type": "Feature", "properties": { "Id": 0, "ExtX": 251600, "ExtY": 2747100, "FRAME7": "3144578", "圖號": "23144578" }, "geometry": { "type": "Polygon", "coordinates": [ [ [ 121.019786400146273, 24.828660013517304 ], [ 121.01187184026611, 24.82866085142517 ], [ 121.011872356800126, 24.834078003418863 ], [ 121.019787261036271, 24.834077165303928 ], [ 121.019786400146273, 24.828660013517304 ] ] ] } },
{ "type": "Feature", "properties": { "Id": 0, "ExtX": 252400, "ExtY": 2747100, "FRAME7": "3154578", "圖號": "23154578" }, "geometry": { "type": "Polygon", "coordinates": [ [ [ 121.027700959580585, 24.828658756655607 ], [ 121.019786400146273, 24.828660013517304 ], [ 121.019787261036271, 24.834077165303928 ], [ 121.027702164826451, 24.834075908131606 ], [ 121.027700959580585, 24.828658756655607 ] ] ] } },
{ "type": "Feature", "properties": { "Id": 0, "ExtX": 253200, "ExtY": 2747100, "FRAME7": "3164578", "圖號": "23164578" }, "geometry": { "type": "Polygon", "coordinates": [ [ [ 121.035615518390713, 24.828657080840173 ], [ 121.027700959580585, 24.828658756655607 ], [ 121.027702164826451, 24.834075908131606 ], [ 121.035617067992348, 24.834074231902015 ], [ 121.035615518390713, 24.828657080840173 ] ] ] } },
{ "type": "Feature", "properties": { "Id": 0, "ExtX": 254000, "ExtY": 2747100, "FRAME7": "3174578", "圖號": "23174578" }, "geometry": { "type": "Polygon", "coordinates": [ [ [ 121.043530076398341, 24.828654986071168 ], [ 121.035615518390713, 24.828657080840173 ], [ 121.035617067992348, 24.834074231902015 ], [ 121.043531970355545, 24.834072136615312 ], [ 121.043530076398341, 24.828654986071168 ] ] ] } },
{ "type": "Feature", "properties": { "Id": 0, "ExtX": 254800, "ExtY": 2747100, "FRAME7": "3184578", "圖號": "23184578" }, "geometry": { "type": "Polygon", "coordinates": [ [ [ 121.051444633425078, 24.828652472348768 ], [ 121.043530076398341, 24.828654986071168 ], [ 121.043531970355545, 24.834072136615312 ], [ 121.051446871737724, 24.834069622271667 ], [ 121.051444633425078, 24.828652472348768 ] ] ] } },
{ "type": "Feature", "properties": { "Id": 0, "ExtX": 255600, "ExtY": 2747100, "FRAME7": "3194578", "圖號": "23194578" }, "geometry": { "type": "Polygon", "coordinates": [ [ [ 121.059359189292636, 24.828649539673194 ], [ 121.051444633425078, 24.828652472348768 ], [ 121.051446871737724, 24.834069622271667 ], [ 121.059361771960468, 24.834066688871317 ], [ 121.059359189292636, 24.828649539673194 ] ] ] } },
{ "type": "Feature", "properties": { "Id": 0, "ExtX": 256400, "ExtY": 2747100, "FRAME7": "3204578", "圖號": "23204578" }, "geometry": { "type": "Polygon", "coordinates": [ [ [ 121.067273743822639, 24.828646188044711 ], [ 121.059359189292636, 24.828649539673194 ], [ 121.059361771960468, 24.834066688871317 ], [ 121.067276670845416, 24.83406333641452 ], [ 121.067273743822639, 24.828646188044711 ] ] ] } },
{ "type": "Feature", "properties": { "Id": 0, "ExtX": 257200, "ExtY": 2747100, "FRAME7": "3214578", "圖號": "23214578" }, "geometry": { "type": "Polygon", "coordinates": [ [ [ 121.075188296836771, 24.828642417463612 ], [ 121.067273743822639, 24.828646188044711 ], [ 121.067276670845416, 24.83406333641452 ], [ 121.07519156821418, 24.834059564901558 ], [ 121.075188296836771, 24.828642417463612 ] ] ] } }
]
}
